[
  {
    "EventBusName": "EventBridgeBus",
    "DetailType": "SaveToS3",
    "Source": "custom.test.event",
    "Detail": "{\"employeeId\": \"123\",\"firstName\": \"John\",\"lastName\": \"Day\",\"department\": \"finance\"}"
  },
  {
    "EventBusName": "EventBridgeBus",
    "DetailType": "SaveToS3",
    "Source": "custom.test.event",
    "Detail": "{\"employeeId\": \"789\",\"firstName\": \"Key\",\"lastName\": \"Day\",\"department\": \"finance\"}"
  },
  {
    "EventBusName": "EventBridgeBus",
    "DetailType": "SaveToS3",
    "Source": "custom.test.event",
    "Detail": "{\"employeeId\": \"456\",\"firstName\": \"Matt\",\"lastName\": \"Win\",\"department\": \"legal\"}"
  }
]
