<?xml version="1.0" encoding="UTF-8"?>
<esper-configuration xmlns="http://www.espertech.com/schema/esper" xmlns:xsi="http://www.w3.org/2001/XMLSchema-instance" xsi:schemaLocation="http://www.espertech.com/schema/esper http://www.espertech.com/schema/esper ">
	<event-type-auto-name package-name="epia.flower.event"/>
	<!-- example of Map defined event -->
	<!-- 
	<event-type name="DeliveryBid">
		<java-util-map>
			<map-property name="driver" class="string"/>
			<map-property name="pickupTime" class="long"/>
			<map-property name="requestId" class="int"/>
			<map-property name="store" class="string"/>
		</java-util-map>
	</event-type>
	-->
	<auto-import import-name="epia.flower.Domain"/>
	<auto-import import-name="epia.flower.Geo"/>
	<engine-settings>
		<defaults>
			<threading>
				<internal-timer enabled="false" msec-resolution="100"/>
			</threading>
		</defaults>
	</engine-settings>
</esper-configuration>
