"record_id","sell","price_usd","kilometers","miles","year","maker","model"
21,0,7600.,89257,55462.,2003.,"Toyota","Corolla"
63,0,10300.,15772,9800.,2005.,"Toyota","Corolla"
65,0,9095.,15772,9800.,2005.,"Toyota","Corolla"
245,0,10000.,61155,38000.,2004.,"Toyota","Corolla"
627,0,3170.,183465,114000.,1980.,"Toyota","Corolla"
736,1,13100.,25999,16155.,2006.,"Toyota","Corolla"
845,1,325.,321869,200000.,1991.,"Toyota","Corolla"
1333,1,4900.,143232,89000.,2002.,"Toyota","Corolla"
1377,0,4650.,35406,22000.,1971.,"Toyota","Corolla"
1639,0,820.,257495,160000.,1986.,"Toyota","Corolla"
2101,1,8650.,83686,52000.,2004.,"Toyota","Corolla"
2119,0,690.,225308,140000.,1988.,"Toyota","Corolla"
2134,0,1425.,90123,56000.,1985.,"Toyota","Corolla"
2135,0,945.,90123,56000.,1985.,"Toyota","Corolla"
2341,1,10558.,19634,12200.,2005.,"Toyota","Corolla"
2344,0,8300.,19634,12200.,2005.,"Toyota","Corolla"
2367,1,9751.,85295,53000.,2003.,"Toyota","Corolla"
2493,1,199.99,400134,248632.,1984.,"Toyota","Corolla"
2502,1,7499.,84581,52556.,2003.,"Toyota","Corolla"
2848,0,3905.,144242,89628.,1997.,"Toyota","Corolla"
3161,1,2660.,75255,46761.,1989.,"Toyota","Corolla"
3356,0,9633.,40234,25000.,2005.,"Toyota","Corolla"
3357,0,11600.,30578,19000.,2005.,"Toyota","Corolla"
3358,0,10098.,40234,25000.,2005.,"Toyota","Corolla"
3736,1,3500.,204387,127000.,1999.,"Toyota","Corolla"
4199,1,2550.,48280,30000.,1986.,"Toyota","Corolla"
4822,1,1801.,246230,153000.,1995.,"Toyota","Corolla"
4852,0,7000.,97365,60500.,2003.,"Toyota","Corolla"
4853,0,8400.,97365,60500.,2003.,"Toyota","Corolla"
4887,1,410.,212433,132000.,1992.,"Toyota","Corolla"
4980,0,8009.,60375,37515.,2004.,"Toyota","Corolla"
5019,0,2505.,22943,14256.,2004.,"Toyota","Corolla"
5085,0,10099.,3436,2135.,2006.,"Toyota","Corolla"
5088,1,11000.,6516,4049.,2005.,"Toyota","Corolla"
6151,1,3113.88,106807,66367.,1992.,"Toyota","Corolla"
6228,0,6600.,79893,49643.,2001.,"Toyota","Corolla"
6247,0,5700.,79893,49643.,2001.,"Toyota","Corolla"
6257,1,6303.,79893,49643.,2001.,"Toyota","Corolla"
6322,0,9877.,52078,32360.,2004.,"Toyota","Corolla"
6324,0,11600.,35801,22246.,2005.,"Toyota","Corolla"
6329,0,10000.,35801,22246.,2005.,"Toyota","Corolla"
6731,0,10100.,59856,37193.,2003.,"Toyota","Corolla"
6947,0,6700.,126961,78890.,2003.,"Toyota","Corolla"
7019,0,14600.,9656,6000.,2006.,"Toyota","Corolla"
7149,1,13014.,44257,27500.,2005.,"Toyota","Corolla"
7150,1,13100.,44257,27500.,2005.,"Toyota","Corolla"
7154,0,2025.,149347,92800.,1979.,"Toyota","Corolla"
7160,0,9225.,81792,50823.,2004.,"Toyota","Corolla"
7209,1,610.,208410,129500.,1987.,"Toyota","Corolla"
7210,1,708.,209215,130000.,1987.,"Toyota","Corolla"
7339,0,3650.,230136,143000.,1985.,"Toyota","Corolla"
7467,1,12750.,17461,10850.,2006.,"Toyota","Corolla"
7658,0,11600.,39693,24664.,2006.,"Toyota","Corolla"
7975,1,4200.,135990,84500.,1997.,"Toyota","Corolla"
8030,1,1259.56,119901,74503.,1987.,"Toyota","Corolla"
8073,1,4800.,175840,109262.,1998.,"Toyota","Corolla"
8076,1,1935.,211545,131448.,1995.,"Toyota","Corolla"
8113,0,2525.,210113,130558.,1977.,"Toyota","Corolla"
8310,1,9600.,28004,17401.,2005.,"Toyota","Corolla"
8352,0,1125.,212433,132000.,1982.,"Toyota","Corolla"
8353,0,1575.,212433,132000.,1982.,"Toyota","Corolla"
8374,0,8300.,36862,22905.,2005.,"Toyota","Corolla"
8540,1,7050.,41684,25901.,2000.,"Toyota","Corolla"
8612,1,2175.,158940,98761.,1993.,"Toyota","Corolla"
8615,1,4100.,162302,100850.,1999.,"Toyota","Corolla"
8743,0,13000.,28736,17856.,2006.,"Toyota","Corolla"
8828,1,2718.87,155971,96916.,1996.,"Toyota","Corolla"
8834,1,4350.,159121,98873.,2000.,"Toyota","Corolla"
8993,1,3951.,114154,70932.,1998.,"Toyota","Corolla"
9040,0,10100.,22529,13999.,2005.,"Toyota","Corolla"
9042,1,9955.,4826,2999.,2006.,"Toyota","Corolla"
9043,0,9500.,4826,2999.,2006.,"Toyota","Corolla"
9044,0,8400.,33795,20999.,2005.,"Toyota","Corolla"
9045,1,8200.,64372,39999.,2003.,"Toyota","Corolla"
9046,0,7900.,37013,22999.,2005.,"Toyota","Corolla"
9052,1,9500.,9654,5999.,2005.,"Toyota","Corolla"
9054,1,10600.,8045,4999.,2005.,"Toyota","Corolla"
9055,1,10027.,33795,20999.,2005.,"Toyota","Corolla"
9056,0,8700.,37013,22999.,2005.,"Toyota","Corolla"
9058,1,8601.,4826,2999.,2006.,"Toyota","Corolla"
9059,1,9799.,1608,999.,2006.,"Toyota","Corolla"
9060,0,9051.,45060,27999.,2004.,"Toyota","Corolla"
9061,1,10000.,12873,7999.,2005.,"Toyota","Corolla"
9063,0,6766.,66786,41499.,2003.,"Toyota","Corolla"
9101,0,9109.,7242,4500.,2005.,"Toyota","Corolla"
9123,0,8100.,57243,35569.,2004.,"Toyota","Corolla"
9255,1,1100.,289682,180000.,1989.,"Toyota","Corolla"
9324,0,6151.,39348,24450.,2004.,"Toyota","Corolla"
9523,0,3150.,11399,7083.,2006.,"Toyota","Corolla"
9572,0,4050.,133656,83050.,2002.,"Toyota","Corolla"
9574,0,7900.,4260,2647.,2006.,"Toyota","Corolla"
9607,0,7176.,104849,65150.,2003.,"Toyota","Corolla"
9611,0,3350.,180589,112213.,2001.,"Toyota","Corolla"
9898,0,11200.,50289,31248.,2004.,"Toyota","Corolla"
9899,0,8600.,50289,31248.,2004.,"Toyota","Corolla"
9970,0,10700.,25326,15737.,2005.,"Toyota","Corolla"
10011,0,9600.,66931,41589.,2003.,"Toyota","Corolla"
10258,1,4150.,136635,84901.,1996.,"Toyota","Corolla"
10259,0,1775.,354477,220262.,1998.,"Toyota","Corolla"
10260,0,1835.,354477,220262.,1998.,"Toyota","Corolla"
10327,1,2409.,149313,92779.,1994.,"Toyota","Corolla"
10597,1,2900.,267071,165950.,1999.,"Toyota","Corolla"
10682,0,2325.,205996,128000.,1999.,"Toyota","Corolla"
10686,0,1225.,114300,71023.,1980.,"Toyota","Corolla"
10989,1,4701.,138812,86254.,2001.,"Toyota","Corolla"
11174,0,7100.,124595,77420.,2003.,"Toyota","Corolla"
11227,1,596.,281877,175150.,1990.,"Toyota","Corolla"
11260,1,2025.,303651,188680.,1997.,"Toyota","Corolla"
11615,1,1085.,321869,200000.,1994.,"Toyota","Corolla"
11668,0,1325.,305415,189776.,1983.,"Toyota","Corolla"
11725,0,12600.,37820,23500.,2005.,"Toyota","Corolla"
11731,0,12651.,16415,10200.,2005.,"Toyota","Corolla"
11739,1,2850.,244620,152000.,1998.,"Toyota","Corolla"
11777,1,1126.,285557,177437.,1992.,"Toyota","Corolla"
11797,0,8100.99,92354,57386.,2003.,"Toyota","Corolla"
11808,0,7776.,92354,57386.,2003.,"Toyota","Corolla"
11978,0,1000.,261720,162625.,1995.,"Toyota","Corolla"
11987,0,8500.,20746,12891.,2006.,"Toyota","Corolla"
11988,1,8600.,20746,12891.,2006.,"Toyota","Corolla"
11989,1,9260.,40528,25183.,2005.,"Toyota","Corolla"
11990,0,7600.,40528,25183.,2005.,"Toyota","Corolla"
11991,0,9179.,26052,16188.,2005.,"Toyota","Corolla"
11992,1,9325.,93363,58013.,2003.,"Toyota","Corolla"
12041,1,3250.,137359,85351.,2000.,"Toyota","Corolla"
12042,1,3550.,137359,85351.,2000.,"Toyota","Corolla"
12059,1,7601.,112289,69773.,2002.,"Toyota","Corolla"
12188,1,1154.98,262487,163102.,1994.,"Toyota","Corolla"
12190,1,810.,262487,163102.,1994.,"Toyota","Corolla"
12237,1,5000.,46727,29035.,2000.,"Toyota","Corolla"
12523,0,12100.,28534,17730.,2005.,"Toyota","Corolla"
12699,1,5700.,40003,24857.,2002.,"Toyota","Corolla"
12737,1,2850.,205262,127544.,1998.,"Toyota","Corolla"
13099,1,10700.,92354,57386.,2003.,"Toyota","Corolla"
13293,0,3200.,178817,111112.,1999.,"Toyota","Corolla"
13298,0,2550.,33719,20952.,2005.,"Toyota","Corolla"
13302,0,2025.,33719,20952.,2005.,"Toyota","Corolla"
13316,0,4350.,178817,111112.,1999.,"Toyota","Corolla"
13325,0,1825.,33719,20952.,2005.,"Toyota","Corolla"
13332,0,3001.,178817,111112.,1999.,"Toyota","Corolla"
13337,0,2247.,33719,20952.,2005.,"Toyota","Corolla"
13338,0,2850.,33719,20952.,2005.,"Toyota","Corolla"
13341,0,2425.,33719,20952.,2005.,"Toyota","Corolla"
13353,0,3201.,191697,119115.,2000.,"Toyota","Corolla"
13411,1,4501.,240291,149310.,2001.,"Toyota","Corolla"
13743,1,10957.,18668,11600.,2006.,"Toyota","Corolla"
13745,1,8801.,82881,51500.,2003.,"Toyota","Corolla"
13858,1,11000.,12553,7800.,2004.,"Toyota","Corolla"
13864,1,7901.,127782,79400.,2003.,"Toyota","Corolla"
13865,1,9512.17,12553,7800.,2004.,"Toyota","Corolla"
13879,0,8300.,32407,20137.,2001.,"Toyota","Corolla"
13880,0,3550.,154381,95928.,1998.,"Toyota","Corolla"
13921,1,13600.,6920,4300.,2005.,"Toyota","Corolla"
13922,1,12800.,6920,4300.,2005.,"Toyota","Corolla"
14127,1,14450.,12392,7700.,2006.,"Toyota","Corolla"
14128,0,12600.,20117,12500.,2006.,"Toyota","Corolla"
14129,0,12300.,20439,12700.,2006.,"Toyota","Corolla"
14130,0,12400.,34601,21500.,2006.,"Toyota","Corolla"
14132,0,10600.,38261,23774.,2005.,"Toyota","Corolla"
14135,0,13100.,12392,7700.,2006.,"Toyota","Corolla"
14136,1,13650.,41038,25500.,2005.,"Toyota","Corolla"
14139,0,12100.,41038,25500.,2005.,"Toyota","Corolla"
14140,0,8300.,38222,23750.,2005.,"Toyota","Corolla"
14141,0,12000.,8851,5500.,2005.,"Toyota","Corolla"
14142,0,13299.99,13277,8250.,2006.,"Toyota","Corolla"
14146,1,12100.,39429,24500.,2005.,"Toyota","Corolla"
14147,1,14051.,20036,12450.,2006.,"Toyota","Corolla"
14150,0,13900.,21243,13200.,2006.,"Toyota","Corolla"
14151,0,13800.,20439,12700.,2006.,"Toyota","Corolla"
14153,1,13500.,2414,1500.,2006.,"Toyota","Corolla"
14157,0,12500.,30497,18950.,2005.,"Toyota","Corolla"
14158,0,12600.,30497,18950.,2005.,"Toyota","Corolla"
14159,1,14500.,13277,8250.,2006.,"Toyota","Corolla"
14183,0,9600.,3219,2000.,2006.,"Toyota","Corolla"
14184,0,3450.,133487,82945.,2000.,"Toyota","Corolla"
14207,1,3850.,181598,112840.,1985.,"Toyota","Corolla"
14247,1,2800.,185074,115000.,1985.,"Toyota","Corolla"
14277,0,5000.,22489,13974.,2004.,"Toyota","Corolla"
14278,0,6201.,21313,13243.,2004.,"Toyota","Corolla"
14279,1,7000.,26157,16253.,2004.,"Toyota","Corolla"
14280,0,7101.,21313,13243.,2004.,"Toyota","Corolla"
14289,1,8650.,81433,50600.,2004.,"Toyota","Corolla"
14290,0,7100.,83042,51600.,2004.,"Toyota","Corolla"
14291,0,8600.,79823,49600.,2004.,"Toyota","Corolla"
14400,1,305.,497276,308993.,1990.,"Toyota","Corolla"
14409,1,906.53,225308,140000.,1977.,"Toyota","Corolla"
14455,1,12050.,38121,23687.,2005.,"Toyota","Corolla"
14465,1,450.,265542,165000.,1995.,"Toyota","Corolla"
14682,1,3750.,176859,109895.,1999.,"Toyota","Corolla"
14689,0,3700.,176859,109895.,1999.,"Toyota","Corolla"
14810,1,1025.,252667,157000.,1990.,"Toyota","Corolla"
15172,0,910.,270209,167900.,1991.,"Toyota","Corolla"
15173,0,1001.98,270209,167900.,1991.,"Toyota","Corolla"
15174,1,2900.01,294269,182850.,1974.,"Toyota","Corolla"
15190,1,2402.,209215,130000.,1997.,"Toyota","Corolla"
15194,1,305.,420718,261422.,1990.,"Toyota","Corolla"
15199,1,2513.15,168981,105000.,1993.,"Toyota","Corolla"
15201,1,1825.,209215,130000.,1997.,"Toyota","Corolla"
15231,0,6100.,185074,115000.,2003.,"Toyota","Corolla"
15290,1,511.,248140,154187.,1990.,"Toyota","Corolla"
15291,1,760.,248140,154187.,1990.,"Toyota","Corolla"
15780,1,405.,292901,182000.,1993.,"Toyota","Corolla"
16476,1,383.,535912,333000.,1980.,"Toyota","Corolla"
16630,0,3383.33,180247,112000.,1999.,"Toyota","Corolla"
16680,0,8000.,67271,41800.,2002.,"Toyota","Corolla"
16708,1,1605.,228527,142000.,2000.,"Toyota","Corolla"
16726,0,3250.,79001,49089.,1999.,"Toyota","Corolla"
16795,1,6500.,257944,160279.,1985.,"Toyota","Corolla"
16949,1,810.,273588,170000.,1986.,"Toyota","Corolla"
17179,1,1802.,329915,205000.,1999.,"Toyota","Corolla"
17427,1,620.,321074,199506.,1992.,"Toyota","Corolla"
17474,0,7499.,58815,36546.,2002.,"Toyota","Corolla"
17475,0,8100.,133222,82780.,2003.,"Toyota","Corolla"
17482,0,8250.,85369,53046.,2003.,"Toyota","Corolla"
17524,0,485.5,253837,157727.,1989.,"Toyota","Corolla"
17706,1,4075.,169786,105500.,1999.,"Toyota","Corolla"
17743,0,4175.,28968,18000.,1971.,"Toyota","Corolla"
17775,1,3100.,143232,89000.,1994.,"Toyota","Corolla"
17784,0,10500.,22853,14200.,2005.,"Toyota","Corolla"
18002,1,1082.27,332928,206872.,1993.,"Toyota","Corolla"
18056,1,5350.,110924,68925.,2000.,"Toyota","Corolla"
18141,1,4640.,104157,64720.,2001.,"Toyota","Corolla"
18371,1,13800.,36178,22480.,2004.,"Toyota","Corolla"
18526,1,1825.,305027,189535.,1998.,"Toyota","Corolla"
18618,1,455.,143232,89000.,1971.,"Toyota","Corolla"
18646,1,3055.52,187972,116800.,1997.,"Toyota","Corolla"
18685,1,660.,233385,145019.,1989.,"Toyota","Corolla"
18767,0,5000.,137060,85165.,2002.,"Toyota","Corolla"
18776,0,1425.,305025,189534.,1994.,"Toyota","Corolla"
18932,0,8001.43,41045,25504.,2001.,"Toyota","Corolla"
18980,1,306.,223699,139000.,1995.,"Toyota","Corolla"
19225,1,3000.,239237,148655.,1985.,"Toyota","Corolla"
19257,0,6995.,90532,56254.,2003.,"Toyota","Corolla"
19258,1,6500.,90532,56254.,2003.,"Toyota","Corolla"
19487,1,860.,383024,238000.,1989.,"Toyota","Corolla"
19934,1,4100.,130474,81073.,1998.,"Toyota","Corolla"
20198,0,14201.79,33495,20813.,2005.,"Toyota","Corolla"
20282,0,3550.,57714,35862.,2005.,"Toyota","Corolla"
20283,1,13400.,57714,35862.,2005.,"Toyota","Corolla"
20285,1,5600.,168152,104485.,2002.,"Toyota","Corolla"
20287,0,4605.,168152,104485.,2002.,"Toyota","Corolla"
20289,0,3500.,144744,89940.,1998.,"Toyota","Corolla"
20381,1,1036.,294510,183000.,1992.,"Toyota","Corolla"
20438,1,810.,194731,121000.,1995.,"Toyota","Corolla"
20615,1,325.,333579,207276.,1987.,"Toyota","Corolla"
20616,1,300.,333579,207276.,1987.,"Toyota","Corolla"
20747,0,1675.,2391,1486.,1996.,"Toyota","Corolla"
20839,1,9763.,90284,56100.,2003.,"Toyota","Corolla"
20907,0,4300.,147894,91897.,2003.,"Toyota","Corolla"
21343,0,3050.01,198542,123368.,1998.,"Toyota","Corolla"
21477,1,346.,270370,168000.,1993.,"Toyota","Corolla"
21480,1,611.,238183,148000.,1994.,"Toyota","Corolla"
21634,0,1225.98,143850,89384.,1979.,"Toyota","Corolla"
22060,1,620.,128371,79766.,1990.,"Toyota","Corolla"
22196,1,1075.,163532,101614.,2001.,"Toyota","Corolla"
22197,1,1150.,163532,101614.,2001.,"Toyota","Corolla"
22527,1,12250.,15065,9361.,2005.,"Toyota","Corolla"
22653,0,960.,162544,101000.,1989.,"Toyota","Corolla"
22686,0,2000.,196340,122000.,1994.,"Toyota","Corolla"
22687,1,1600.,196340,122000.,1994.,"Toyota","Corolla"
22707,0,12000.,48023,29840.,2004.,"Toyota","Corolla"
23726,0,14099.,22278,13843.,2006.,"Toyota","Corolla"
23945,1,8800.,107948,67076.,2003.,"Toyota","Corolla"
24005,1,710.,223324,138767.,1987.,"Toyota","Corolla"
24421,1,5100.,118718,73768.,2002.,"Toyota","Corolla"
24475,0,10000.,52474,32606.,2005.,"Toyota","Corolla"
24525,1,1925.,210148,130580.,1995.,"Toyota","Corolla"
24608,0,3653.,118517,73643.,1996.,"Toyota","Corolla"
24679,1,8123.,59546,37000.,2003.,"Toyota","Corolla"
24922,1,1775.,298211,185300.,1995.,"Toyota","Corolla"
24956,0,2301.,143232,89000.,1989.,"Toyota","Corolla"
25048,1,12000.,44418,27600.,2005.,"Toyota","Corolla"
25138,0,4850.,132127,82100.,1999.,"Toyota","Corolla"
25139,0,5038.87,132127,82100.,1999.,"Toyota","Corolla"
25206,1,609.97,177028,110000.,1985.,"Toyota","Corolla"
25241,1,8600.,10491,6519.,1999.,"Toyota","Corolla"
25243,1,5600.02,152315,94644.,2001.,"Toyota","Corolla"
25412,0,10450.,49648,30850.,2005.,"Toyota","Corolla"
25415,1,11213.,49648,30850.,2005.,"Toyota","Corolla"
25416,0,8100.,49648,30850.,2005.,"Toyota","Corolla"
25418,0,11600.,20761,12900.,2005.,"Toyota","Corolla"
25422,0,9350.,49648,30850.,2005.,"Toyota","Corolla"
25428,0,12000.,48039,29850.,2005.,"Toyota","Corolla"
25429,0,10102.,48039,29850.,2005.,"Toyota","Corolla"
25431,0,11050.,49648,30850.,2005.,"Toyota","Corolla"
25615,0,10100.,41285,25653.,2005.,"Toyota","Corolla"
25621,0,14206.99,41285,25653.,2005.,"Toyota","Corolla"
25657,1,2325.,171414,106512.,1978.,"Toyota","Corolla"
25949,1,1650.,341181,212000.,1994.,"Toyota","Corolla"
26032,0,8600.,46322,28783.,2003.,"Toyota","Corolla"
26099,0,8100.,62764,39000.,2004.,"Toyota","Corolla"
26449,1,5275.,188539,117153.,2001.,"Toyota","Corolla"
26570,1,8609.,27037,16800.,2005.,"Toyota","Corolla"
26597,0,6701.,68601,42627.,2000.,"Toyota","Corolla"
26709,0,3850.,125188,77788.,2000.,"Toyota","Corolla"
26746,1,7100.,52730,32765.,2002.,"Toyota","Corolla"
26748,1,10100.,60862,37818.,2003.,"Toyota","Corolla"
26782,1,4930.,82379,51188.,1998.,"Toyota","Corolla"
26784,1,1525.,248285,154277.,1995.,"Toyota","Corolla"
27390,1,560.,316334,196561.,1991.,"Toyota","Corolla"
27414,1,2125.,182233,113234.,1994.,"Toyota","Corolla"
27551,0,10600.33,89660,55712.,2003.,"Toyota","Corolla"
27566,1,10900.,51967,32291.,2005.,"Toyota","Corolla"
27569,0,10600.,52225,32451.,2005.,"Toyota","Corolla"
27674,1,1625.,183209,113841.,1997.,"Toyota","Corolla"
27771,1,504.,289910,180142.,1985.,"Toyota","Corolla"
27772,0,265.,174152,108213.,1983.,"Toyota","Corolla"
27824,0,11101.,45062,28000.,2005.,"Toyota","Corolla"
27846,0,680.,276807,172000.,1993.,"Toyota","Corolla"
27885,1,1525.,283615,176230.,1993.,"Toyota","Corolla"
27886,1,1800.,283615,176230.,1993.,"Toyota","Corolla"
27895,0,1825.,54309,33746.,1972.,"Toyota","Corolla"
27896,1,2750.,54718,34000.,1972.,"Toyota","Corolla"
27944,1,2427.21,102618,63764.,1992.,"Toyota","Corolla"
28011,1,2000.,287268,178500.,1997.,"Toyota","Corolla"
28197,1,102.5,426476,265000.,1990.,"Toyota","Corolla"
28224,0,5600.,107361,66711.,2002.,"Toyota","Corolla"
28290,1,3750.,96561,60000.,1997.,"Toyota","Corolla"
28386,0,7900.,94147,58500.,2003.,"Toyota","Corolla"
28387,0,8100.,94147,58500.,2003.,"Toyota","Corolla"
28388,1,8700.,94790,58900.,2003.,"Toyota","Corolla"
28400,0,5850.,39464,24522.,2005.,"Toyota","Corolla"
28402,0,7600.,33677,20926.,2005.,"Toyota","Corolla"
28410,0,9600.,42558,26444.,2005.,"Toyota","Corolla"
28457,1,4800.,154497,96000.,2001.,"Toyota","Corolla"
28506,1,1491.,260017,161567.,1997.,"Toyota","Corolla"
28694,1,1525.,336979,209389.,1993.,"Toyota","Corolla"
28750,0,3350.,92219,57302.,1982.,"Toyota","Corolla"
28751,0,4550.,92219,57302.,1982.,"Toyota","Corolla"
29138,1,7901.,73198,45483.,2001.,"Toyota","Corolla"
29242,1,680.,170591,106000.,1985.,"Toyota","Corolla"
29388,1,2550.,255886,159000.,1996.,"Toyota","Corolla"
29438,1,2550.,233374,145012.,1997.,"Toyota","Corolla"
29585,1,760.,343252,213287.,1993.,"Toyota","Corolla"
29724,1,510.,281603,174980.,1987.,"Toyota","Corolla"
29726,1,330.,281605,174981.,1987.,"Toyota","Corolla"
30123,0,12850.,10,6.,2006.,"Toyota","Corolla"
30240,1,1025.,153250,95225.,1974.,"Toyota","Corolla"
30274,1,7701.,42192,26217.,2000.,"Toyota","Corolla"
30370,1,800.,336353,209000.,1988.,"Toyota","Corolla"
30595,0,305.,299338,186000.,1986.,"Toyota","Corolla"
30832,0,9600.,9127,5671.,2006.,"Toyota","Corolla"
30836,0,7950.,14726,9150.,2005.,"Toyota","Corolla"
30849,1,9599.,14726,9150.,2005.,"Toyota","Corolla"
30856,1,9050.,14726,9150.,2005.,"Toyota","Corolla"
30861,0,8200.,40115,24926.,2005.,"Toyota","Corolla"
30864,0,7125.,40234,25000.,2005.,"Toyota","Corolla"
30865,1,9400.,9127,5671.,2006.,"Toyota","Corolla"
30869,0,8600.,40115,24926.,2005.,"Toyota","Corolla"
30870,1,8501.11,87185,54174.,2003.,"Toyota","Corolla"
31009,0,11100.,38998,24232.,2005.,"Toyota","Corolla"
31039,1,5803.,72873,45281.,2000.,"Toyota","Corolla"
31091,1,9903.,1075,668.,1976.,"Toyota","Corolla"
31201,0,5600.,86795,53932.,2001.,"Toyota","Corolla"
31207,0,6600.,86795,53932.,2001.,"Toyota","Corolla"
31221,0,785.,320259,199000.,1989.,"Toyota","Corolla"
31222,1,805.,320259,199000.,1989.,"Toyota","Corolla"
31747,1,5300.,91733,57000.,1999.,"Toyota","Corolla"
31812,0,9600.,81816,50838.,2004.,"Toyota","Corolla"
31982,0,2425.,248322,154300.,1998.,"Toyota","Corolla"
31983,0,3500.,246230,153000.,1998.,"Toyota","Corolla"
32034,0,5093.,42892,26652.,2003.,"Toyota","Corolla"
32151,1,860.,217488,135141.,1986.,"Toyota","Corolla"
32321,1,355.,255221,158587.,1989.,"Toyota","Corolla"
32338,0,8600.,28540,17734.,2003.,"Toyota","Corolla"
32403,0,10101.,90101,55986.,2004.,"Toyota","Corolla"
32462,1,1700.,180247,112000.,1992.,"Toyota","Corolla"
32806,0,6102.,139461,86657.,2003.,"Toyota","Corolla"
32808,0,6000.,139461,86657.,2003.,"Toyota","Corolla"
32809,0,6100.,139461,86657.,2003.,"Toyota","Corolla"
32994,0,5600.,15239,9469.,2005.,"Toyota","Corolla"
33002,0,3350.,149662,92996.,1999.,"Toyota","Corolla"
33030,0,5655.,79592,49456.,2001.,"Toyota","Corolla"
33039,0,5802.,79592,49456.,2001.,"Toyota","Corolla"
33052,1,8388.,79592,49456.,2001.,"Toyota","Corolla"
33069,0,7211.1,79592,49456.,2001.,"Toyota","Corolla"
33602,1,620.,201958,125491.,1995.,"Toyota","Corolla"
33806,0,1075.,265302,164851.,1986.,"Toyota","Corolla"
33807,0,2750.,251058,156000.,1995.,"Toyota","Corolla"
34290,0,11500.,28363,17624.,2006.,"Toyota","Corolla"
34322,0,7600.,64844,40292.,2003.,"Toyota","Corolla"
34670,1,11000.,55810,34679.,2005.,"Toyota","Corolla"
34883,0,1000.,20921,13000.,1987.,"Toyota","Corolla"
34884,0,1325.,19312,12000.,1987.,"Toyota","Corolla"
34973,1,1147.,293480,182360.,1994.,"Toyota","Corolla"
35302,0,12100.,39807,24735.,2005.,"Toyota","Corolla"
35303,0,9100.,39807,24735.,2005.,"Toyota","Corolla"
35500,1,2302.3,172662,107287.,1994.,"Toyota","Corolla"
35549,1,2150.,223942,139151.,1985.,"Toyota","Corolla"
35576,1,4350.,158475,98472.,1999.,"Toyota","Corolla"
35597,1,7400.,163559,101631.,2004.,"Toyota","Corolla"
35598,1,1975.,238110,147955.,1997.,"Toyota","Corolla"
35649,0,560.,201168,125000.,1979.,"Toyota","Corolla"
35740,0,11651.01,7482,4649.,2006.,"Toyota","Corolla"
35832,1,1301.,21288,13228.,1979.,"Toyota","Corolla"
36164,1,11001.,30578,19000.,2004.,"Toyota","Corolla"
36256,0,8900.,205996,128000.,2005.,"Toyota","Corolla"
36265,1,5200.,16044,9969.,2005.,"Toyota","Corolla"
36284,1,4500.,321869,200000.,1985.,"Toyota","Corolla"
36329,1,710.,160934,100000.,1994.,"Toyota","Corolla"
36650,1,1625.,122310,76000.,1980.,"Toyota","Corolla"
36991,1,1825.,245808,152738.,1994.,"Toyota","Corolla"
37031,1,1406.,349228,217000.,1995.,"Toyota","Corolla"
37050,0,8900.,109435,68000.,2003.,"Toyota","Corolla"
37348,1,4000.,168833,104908.,2000.,"Toyota","Corolla"
37366,1,3000.,205626,127770.,2000.,"Toyota","Corolla"
37368,1,1525.,282742,175688.,1995.,"Toyota","Corolla"
37373,1,2375.,194745,121009.,1998.,"Toyota","Corolla"
37379,1,2000.,188490,117122.,1995.,"Toyota","Corolla"
37384,1,3650.,245153,152331.,2001.,"Toyota","Corolla"
37385,1,1425.,239205,148635.,1993.,"Toyota","Corolla"
37387,1,3050.,136516,84827.,1997.,"Toyota","Corolla"
37393,1,6500.,240090,149185.,2003.,"Toyota","Corolla"
37403,1,3000.,140156,87089.,2001.,"Toyota","Corolla"
37409,1,830.,359325,223274.,1994.,"Toyota","Corolla"
37414,1,2800.,144452,89758.,1997.,"Toyota","Corolla"
37422,1,2672.,106629,66256.,1999.,"Toyota","Corolla"
37423,1,1700.,209796,130361.,1994.,"Toyota","Corolla"
37426,1,2300.,259201,161060.,1998.,"Toyota","Corolla"
37429,1,6500.,156414,97191.,2003.,"Toyota","Corolla"
37511,0,100.,243011,151000.,1977.,"Toyota","Corolla"
37666,0,3050.,207239,128772.,1980.,"Toyota","Corolla"
37717,1,212.5,329069,204474.,1992.,"Toyota","Corolla"
37807,0,5800.,45062,28000.,2003.,"Toyota","Corolla"
38232,0,12800.,15450,9600.,2005.,"Toyota","Corolla"
38386,0,8600.,98170,61000.,2004.,"Toyota","Corolla"
38469,0,2050.,197182,122523.,1998.,"Toyota","Corolla"
38471,0,2651.,197182,122523.,1998.,"Toyota","Corolla"
38476,0,1330.,225952,140400.,1995.,"Toyota","Corolla"
38737,1,1835.,264394,164287.,1995.,"Toyota","Corolla"
38951,0,7700.,61316,38100.,2004.,"Toyota","Corolla"
38971,1,8100.,93342,58000.,2003.,"Toyota","Corolla"
38972,1,7995.,93342,58000.,2003.,"Toyota","Corolla"
39017,0,4750.,150617,93589.,2001.,"Toyota","Corolla"
39107,1,222.5,199531,123983.,1989.,"Toyota","Corolla"
39172,0,325.,245,152.,1990.,"Toyota","Corolla"
39194,1,4350.,96271,59820.,1994.,"Toyota","Corolla"
39213,1,1350.,283708,176288.,1993.,"Toyota","Corolla"
39218,0,8100.,99089,61571.,2003.,"Toyota","Corolla"
39456,1,6279.89,83126,51652.,2001.,"Toyota","Corolla"
39467,1,2026.95,94481,58708.,2000.,"Toyota","Corolla"
39470,1,540.,321074,199506.,1992.,"Toyota","Corolla"
39482,1,2250.,182580,113450.,1993.,"Toyota","Corolla"
39512,0,970.,263932,164000.,1984.,"Toyota","Corolla"
39513,0,760.,263932,164000.,1984.,"Toyota","Corolla"
40089,1,5100.,183465,114000.,2001.,"Toyota","Corolla"
40139,0,11100.,58989,36654.,2004.,"Toyota","Corolla"
40431,0,6651.,86583,53800.,2001.,"Toyota","Corolla"
40522,0,10995.,45295,28145.,2005.,"Toyota","Corolla"
40576,1,12700.,31720,19710.,2004.,"Toyota","Corolla"
40708,0,3051.,192894,119859.,2000.,"Toyota","Corolla"
40722,0,1625.1000000000001,247118,153552.,1994.,"Toyota","Corolla"
40738,0,1725.,247118,153552.,1994.,"Toyota","Corolla"
40847,1,13000.,12035,7478.,2004.,"Toyota","Corolla"
40849,0,13600.,12035,7478.,2004.,"Toyota","Corolla"
40873,1,13300.,45089,28017.,2005.,"Toyota","Corolla"
40898,1,13500.,954,593.,2005.,"Toyota","Corolla"
41212,1,2500.02,48898,30384.,1999.,"Toyota","Corolla"
41275,1,6555.,84209,52325.,2002.,"Toyota","Corolla"
41552,0,4050.,175338,108950.,2002.,"Toyota","Corolla"
41555,0,3956.,151864,94364.,1999.,"Toyota","Corolla"
41582,1,50.,362102,225000.,1989.,"Toyota","Corolla"
41589,0,10100.,10944,6800.,2006.,"Toyota","Corolla"
42211,1,1025.,307384,191000.,1989.,"Toyota","Corolla"
42214,0,610.,226917,141000.,1987.,"Toyota","Corolla"
42353,0,3250.,114263,71000.,1998.,"Toyota","Corolla"
42414,1,1625.,240156,149226.,1991.,"Toyota","Corolla"
42841,0,3855.,130745,81241.,1994.,"Toyota","Corolla"
42871,0,7505.,138726,86200.,2003.,"Toyota","Corolla"
43006,1,3300.,191646,119083.,1997.,"Toyota","Corolla"
43415,1,2025.,181276,112640.,1992.,"Toyota","Corolla"
43417,1,2800.,247527,153806.,1999.,"Toyota","Corolla"
43451,1,995.,260714,162000.,1993.,"Toyota","Corolla"
43546,0,3050.,193586,120289.,1998.,"Toyota","Corolla"
43551,0,3550.01,193586,120289.,1998.,"Toyota","Corolla"
43581,1,12000.,48924,30400.,2004.,"Toyota","Corolla"
43680,1,1550.,255102,158513.,1986.,"Toyota","Corolla"
44228,1,660.,275631,171269.,1994.,"Toyota","Corolla"
44533,0,11600.,20921,13000.,2005.,"Toyota","Corolla"
44752,1,152.5,331190,205792.,1991.,"Toyota","Corolla"
44831,0,520.,80467,50000.,1989.,"Toyota","Corolla"
45014,1,520.,309066,192045.,1992.,"Toyota","Corolla"
45087,1,7800.,101228,62900.,2003.,"Toyota","Corolla"
45154,1,9401.,31842,19786.,2003.,"Toyota","Corolla"
45155,1,9999.,31842,19786.,2003.,"Toyota","Corolla"
45166,1,4452.,146772,91200.,1998.,"Toyota","Corolla"
45560,0,6700.,60210,37413.,2005.,"Toyota","Corolla"
45565,0,1225.,386242,240000.,1982.,"Toyota","Corolla"
45566,1,630.,482803,300000.,1982.,"Toyota","Corolla"
45572,1,500.,163670,101700.,1990.,"Toyota","Corolla"
45635,1,407.01,193121,120000.,1992.,"Toyota","Corolla"
45777,1,2325.,260392,161800.,1999.,"Toyota","Corolla"
45850,1,2025.,203328,126342.,1996.,"Toyota","Corolla"
45851,0,1525.,202645,125918.,1996.,"Toyota","Corolla"
45885,1,1025.,218066,135500.,1993.,"Toyota","Corolla"
45915,0,10600.,18990,11800.,2005.,"Toyota","Corolla"
45917,0,12901.,42326,26300.,2004.,"Toyota","Corolla"
45923,0,13106.,6276,3900.,2005.,"Toyota","Corolla"
45927,1,12951.,9495,5900.,2005.,"Toyota","Corolla"
45928,0,11605.,42326,26300.,2004.,"Toyota","Corolla"
45934,0,10801.,26393,16400.,2004.,"Toyota","Corolla"
45938,0,3950.,263128,163500.,1998.,"Toyota","Corolla"
45939,0,12451.,9495,5900.,2005.,"Toyota","Corolla"
45940,0,13600.,6276,3900.,2005.,"Toyota","Corolla"
45941,0,2750.,263128,163500.,1998.,"Toyota","Corolla"
45944,0,3500.,263128,163500.,1998.,"Toyota","Corolla"
45946,0,12900.,21565,13400.,2005.,"Toyota","Corolla"
45949,0,12500.,42326,26300.,2004.,"Toyota","Corolla"
45952,0,13000.,6276,3900.,2005.,"Toyota","Corolla"
45960,0,2800.,263128,163500.,1998.,"Toyota","Corolla"
45962,0,10000.,26393,16400.,2004.,"Toyota","Corolla"
45963,0,12500.,42326,26300.,2004.,"Toyota","Corolla"
45964,0,10511.,9495,5900.,2005.,"Toyota","Corolla"
45966,0,11322.210000000001,42326,26300.,2004.,"Toyota","Corolla"
45968,0,3122.,263128,163500.,1998.,"Toyota","Corolla"
45974,0,12900.,6276,3900.,2005.,"Toyota","Corolla"
45977,0,12100.,9495,5900.,2005.,"Toyota","Corolla"
45980,0,2550.,263128,163500.,1998.,"Toyota","Corolla"
46056,0,9700.,38636,24007.,2005.,"Toyota","Corolla"
46071,0,11800.,34462,21414.,2005.,"Toyota","Corolla"
46072,0,10650.,29136,18104.,2005.,"Toyota","Corolla"
46073,0,10201.,29136,18104.,2005.,"Toyota","Corolla"
46074,1,14600.,34462,21414.,2005.,"Toyota","Corolla"
46179,1,760.,269436,167420.,1984.,"Toyota","Corolla"
46454,1,8500.,20117,12500.,2003.,"Toyota","Corolla"
46704,1,400.,418429,260000.,1985.,"Toyota","Corolla"
46883,1,7000.,28500,17709.,1998.,"Toyota","Corolla"
46931,1,2025.,99525,61842.,1974.,"Toyota","Corolla"
47136,1,13600.,20921,13000.,2006.,"Toyota","Corolla"
47218,0,3000.,166567,103500.,1998.,"Toyota","Corolla"
47219,0,2735.,165762,103000.,1998.,"Toyota","Corolla"
47220,0,2425.,165762,103000.,1998.,"Toyota","Corolla"
47339,1,3501.,185358,115176.,1997.,"Toyota","Corolla"
47363,1,925.,257080,159742.,1989.,"Toyota","Corolla"
47416,1,2551.,233355,145000.,1997.,"Toyota","Corolla"
47434,1,8600.,3541,2200.,2006.,"Toyota","Corolla"
47460,0,8100.,6627,4118.,2006.,"Toyota","Corolla"
47463,1,9999.,6627,4118.,2006.,"Toyota","Corolla"
47489,1,1325.,183700,114146.,1994.,"Toyota","Corolla"
47843,0,6611.,28968,18000.,2005.,"Toyota","Corolla"
47860,0,3900.,163197,101406.,1999.,"Toyota","Corolla"
47865,1,4600.,163197,101406.,1999.,"Toyota","Corolla"
47883,1,6800.,108938,67691.,2003.,"Toyota","Corolla"
47886,1,7500.,108938,67691.,2003.,"Toyota","Corolla"
47894,0,9600.,17671,10980.,2005.,"Toyota","Corolla"
47898,0,9100.,17671,10980.,2005.,"Toyota","Corolla"
48208,0,2950.,188937,117400.,1998.,"Toyota","Corolla"
48209,0,3650.,188937,117400.,1998.,"Toyota","Corolla"
48484,1,1400.,294682,183107.,1996.,"Toyota","Corolla"
48683,0,4750.,178122,110680.,2002.,"Toyota","Corolla"
48783,0,9000.,30095,18700.,2002.,"Toyota","Corolla"
48948,1,2325.,153836,95589.,1985.,"Toyota","Corolla"
48949,1,1025.,273880,170181.,1986.,"Toyota","Corolla"
48970,0,4050.,144471,89770.,2001.,"Toyota","Corolla"
48986,0,3700.,196997,122408.,1998.,"Toyota","Corolla"
48991,0,3650.,196997,122408.,1998.,"Toyota","Corolla"
49049,1,5800.,160057,99455.,1999.,"Toyota","Corolla"
49052,1,2025.,207655,129031.,1993.,"Toyota","Corolla"
49059,1,5100.,186684,116000.,2001.,"Toyota","Corolla"
49083,1,4025.,180086,111900.,1994.,"Toyota","Corolla"
49109,0,4350.,149490,92889.,1997.,"Toyota","Corolla"
49172,1,5700.,35259,21909.,1971.,"Toyota","Corolla"
49274,1,3150.,107826,67000.,1999.,"Toyota","Corolla"
49818,0,8600.,8369,5200.,2005.,"Toyota","Corolla"
49836,1,500.,303274,188446.,1986.,"Toyota","Corolla"
49881,1,1125.,294510,183000.,1993.,"Toyota","Corolla"
49889,1,8000.,79901,49648.,2004.,"Toyota","Corolla"
49939,1,3500.,165676,102946.,1999.,"Toyota","Corolla"
49983,0,1500.,215248,133749.,1994.,"Toyota","Corolla"
49984,0,3050.,215248,133749.,1994.,"Toyota","Corolla"
49985,0,12200.,31121,19338.,2005.,"Toyota","Corolla"
49994,0,2500.,215248,133749.,1994.,"Toyota","Corolla"
50164,1,1100.,238183,148000.,1993.,"Toyota","Corolla"
50174,1,740.,297450,184827.,1986.,"Toyota","Corolla"
50199,1,5650.,131631,81792.,1999.,"Toyota","Corolla"
50291,1,10100.,99779,62000.,2004.,"Toyota","Corolla"
50309,0,3850.,141799,88110.,2000.,"Toyota","Corolla"
50409,0,12100.,11,7.,2006.,"Toyota","Corolla"
50448,0,710.,259946,161523.,1987.,"Toyota","Corolla"
50579,1,3900.,118531,73652.,1991.,"Toyota","Corolla"
50679,0,4450.,81019,50343.,1995.,"Toyota","Corolla"
50741,0,6100.,118568,73675.,2001.,"Toyota","Corolla"
50742,0,4050.,102341,63592.,2000.,"Toyota","Corolla"
50748,0,6800.,95635,59425.,2002.,"Toyota","Corolla"
50752,0,9100.,18911,11751.,2004.,"Toyota","Corolla"
50756,0,5600.,102341,63592.,2000.,"Toyota","Corolla"
50758,0,4353.,102341,63592.,2000.,"Toyota","Corolla"
50761,0,5895.,120904,75126.,2001.,"Toyota","Corolla"
50766,0,4550.,102341,63592.,2000.,"Toyota","Corolla"
50780,0,8200.,94404,58660.,2003.,"Toyota","Corolla"
50787,1,6400.,102341,63592.,2000.,"Toyota","Corolla"
50794,0,10655.,18911,11751.,2004.,"Toyota","Corolla"
50800,0,11100.,18068,11227.,2004.,"Toyota","Corolla"
50801,0,8100.,94404,58660.,2003.,"Toyota","Corolla"
50811,1,12400.,94404,58660.,2003.,"Toyota","Corolla"
50818,0,6100.,120904,75126.,2001.,"Toyota","Corolla"
50821,0,6000.,120904,75126.,2001.,"Toyota","Corolla"
50827,0,11000.,18911,11751.,2004.,"Toyota","Corolla"
50830,1,8200.,95635,59425.,2002.,"Toyota","Corolla"
50838,0,5800.,120904,75126.,2001.,"Toyota","Corolla"
50843,1,12200.,18911,11751.,2004.,"Toyota","Corolla"
50862,0,9603.,94404,58660.,2003.,"Toyota","Corolla"
50867,0,5900.,120904,75126.,2001.,"Toyota","Corolla"
50901,1,12600.,35140,21835.,2005.,"Toyota","Corolla"
51007,1,4226.,166713,103591.,1991.,"Toyota","Corolla"
51022,0,4050.,321869,200000.,1985.,"Toyota","Corolla"
51141,1,305.,309649,192407.,1984.,"Toyota","Corolla"
51150,1,2225.,226866,140968.,1994.,"Toyota","Corolla"
51286,0,12433.33,28968,18000.,2005.,"Toyota","Corolla"
51287,0,14300.,26876,16700.,2005.,"Toyota","Corolla"
51554,0,12995.,39390,24476.,2005.,"Toyota","Corolla"
51949,0,2500.,182390,113332.,1985.,"Toyota","Corolla"
51950,0,1600.,131644,81800.,1981.,"Toyota","Corolla"
51974,0,3000.,112358,69816.,1999.,"Toyota","Corolla"
51975,0,3850.,112358,69816.,1999.,"Toyota","Corolla"
51983,1,7000.,71706,44556.,2003.,"Toyota","Corolla"
51989,1,10999.99,234963,145999.,1986.,"Toyota","Corolla"
52010,1,13300.,4860,3020.,2005.,"Toyota","Corolla"
52014,0,13800.,12730,7910.,2006.,"Toyota","Corolla"
52127,1,3850.,102362,63605.,1995.,"Toyota","Corolla"
52313,0,1125.,140452,87273.,1991.,"Toyota","Corolla"
52318,1,1625.,140452,87273.,1991.,"Toyota","Corolla"
52490,0,12000.,69398,43122.,2005.,"Toyota","Corolla"
52519,0,10600.,14,9.,2006.,"Toyota","Corolla"
52522,0,12500.,138,86.,2006.,"Toyota","Corolla"
52524,0,13238.,137,85.,2006.,"Toyota","Corolla"
52528,0,2506.27,236435,146914.,1994.,"Toyota","Corolla"
52529,0,7600.,63,39.,2007.,"Toyota","Corolla"
52638,1,11900.,68886,42804.,2003.,"Toyota","Corolla"
52734,0,13600.,10622,6600.,2006.,"Toyota","Corolla"
52742,0,2425.,98593,61263.,1992.,"Toyota","Corolla"
52940,1,12250.,40234,25000.,2005.,"Toyota","Corolla"
53232,1,4399.,172200,107000.,1999.,"Toyota","Corolla"
53280,1,4550.,145806,90600.,2000.,"Toyota","Corolla"
53390,1,2025.,280428,174250.,1997.,"Toyota","Corolla"
53470,1,152.5,298269,185336.,1988.,"Toyota","Corolla"
53522,0,14150.,4511,2803.,2006.,"Toyota","Corolla"
53659,1,3000.,224455,139470.,1999.,"Toyota","Corolla"
53661,0,10600.,81092,50388.,2003.,"Toyota","Corolla"
53666,0,12100.,22948,14259.,2005.,"Toyota","Corolla"
53902,1,686.,240275,149300.,1991.,"Toyota","Corolla"
53903,0,5100.,93738,58246.,2002.,"Toyota","Corolla"
53910,0,1785.,355665,221000.,1998.,"Toyota","Corolla"
53956,1,7900.,67592,42000.,2004.,"Toyota","Corolla"
53957,1,7205.,67592,42000.,2004.,"Toyota","Corolla"
54007,1,1725.,90123,56000.,1985.,"Toyota","Corolla"
54145,0,3500.,241401,150000.,1974.,"Toyota","Corolla"
54181,1,4650.,125421,77933.,1995.,"Toyota","Corolla"
54286,1,10300.,38463,23900.,2006.,"Toyota","Corolla"
54965,1,6000.,137831,85644.,2001.,"Toyota","Corolla"
55061,0,2050.,177028,110000.,1987.,"Toyota","Corolla"
55461,1,760.,226346,140645.,1992.,"Toyota","Corolla"
55675,0,3651.,180247,112000.,1998.,"Toyota","Corolla"
55735,0,9900.,31543,19600.,2003.,"Toyota","Corolla"
55748,0,330.,163147,101375.,1992.,"Toyota","Corolla"
55749,1,510.,163147,101375.,1992.,"Toyota","Corolla"
55895,0,1225.,244365,151841.,1995.,"Toyota","Corolla"
55896,1,2000.,244365,151841.,1995.,"Toyota","Corolla"
56132,0,3458.,178336,110813.,1994.,"Toyota","Corolla"
56135,0,2750.,178336,110813.,1994.,"Toyota","Corolla"
56235,1,1526.,143903,89417.,1991.,"Toyota","Corolla"
56310,0,660.,307384,191000.,1989.,"Toyota","Corolla"
56311,1,1025.3600000000001,307384,191000.,1989.,"Toyota","Corolla"
56450,0,8705.,8039,4995.,2004.,"Toyota","Corolla"
56451,1,9000.,11871,7376.,2004.,"Toyota","Corolla"
57064,1,560.,261180,162290.,1983.,"Toyota","Corolla"
57150,0,11500.,40229,24997.,2005.,"Toyota","Corolla"
57151,0,10202.,25181,15647.,2005.,"Toyota","Corolla"
57152,0,10200.,40234,25000.,2005.,"Toyota","Corolla"
57376,1,6800.,5953,3699.,2005.,"Toyota","Corolla"
57386,0,13222.,4038,2509.,2005.,"Toyota","Corolla"
57387,0,11900.,4038,2509.,2005.,"Toyota","Corolla"
57523,1,7075.,12875,8000.,1969.,"Toyota","Corolla"
57728,0,1575.,240615,149511.,1987.,"Toyota","Corolla"
57729,0,1500.,240615,149511.,1987.,"Toyota","Corolla"
57797,0,9001.5,30536,18974.,2002.,"Toyota","Corolla"
57799,1,9606.,30536,18974.,2002.,"Toyota","Corolla"
57955,1,710.,283888,176400.,1989.,"Toyota","Corolla"
58010,0,1225.,163740,101743.,1982.,"Toyota","Corolla"
58485,0,9999.,46413,28840.,2005.,"Toyota","Corolla"
58486,0,10100.,43554,27063.,2005.,"Toyota","Corolla"
58489,0,10100.,46413,28840.,2005.,"Toyota","Corolla"
58534,0,791.,219408,136334.,1991.,"Toyota","Corolla"
58874,0,7600.,12163,7558.,2005.,"Toyota","Corolla"
58881,0,962.,151278,94000.,1990.,"Toyota","Corolla"
58882,0,1010.09,151278,94000.,1990.,"Toyota","Corolla"
59420,0,4750.,491,305.,2006.,"Toyota","Corolla"
59563,0,4050.,200363,124500.,2000.,"Toyota","Corolla"
59564,0,3550.,210261,130650.,2000.,"Toyota","Corolla"
59877,1,2500.,325087,202000.,1984.,"Toyota","Corolla"
59882,1,2055.,122310,76000.,1989.,"Toyota","Corolla"
59884,0,1175.,148060,92000.,1992.,"Toyota","Corolla"
60044,0,10100.,13726,8529.,2006.,"Toyota","Corolla"
60225,1,1525.,346814,215500.,1986.,"Toyota","Corolla"
60268,0,6600.,86905,54000.,2002.,"Toyota","Corolla"
60269,1,7000.,90123,56000.,2002.,"Toyota","Corolla"
60338,1,3050.,4023,2500.,1990.,"Toyota","Corolla"
60351,1,1200.,189903,118000.,1995.,"Toyota","Corolla"
60361,1,8900.,17381,10800.,2005.,"Toyota","Corolla"
60508,0,2025.,64374,40000.,1986.,"Toyota","Corolla"
60557,0,8100.,12231,7600.,2005.,"Toyota","Corolla"
60744,1,884.,257677,160113.,1995.,"Toyota","Corolla"
60745,1,650.,257677,160113.,1995.,"Toyota","Corolla"
60880,0,9000.,49537,30781.,2003.,"Toyota","Corolla"
60881,0,7565.,49537,30781.,2003.,"Toyota","Corolla"
60889,1,1125.,431151,267905.,1987.,"Toyota","Corolla"
61085,1,3050.,215652,134000.,1989.,"Toyota","Corolla"
61363,0,8000.,57629,35809.,2005.,"Toyota","Corolla"
61369,0,10100.,42961,26695.,2005.,"Toyota","Corolla"
61396,0,5800.,131368,81628.,2003.,"Toyota","Corolla"
61419,1,4850.,113016,70225.,1998.,"Toyota","Corolla"
61460,0,5001.,108848,67635.,1999.,"Toyota","Corolla"
61701,1,820.,210824,131000.,1994.,"Toyota","Corolla"
61824,0,8237.,93342,58000.,2003.,"Toyota","Corolla"
61871,0,10501.,27557,17123.,2005.,"Toyota","Corolla"
62120,0,4050.,28761,17871.,1979.,"Toyota","Corolla"
62206,1,7311.,59546,37000.,2004.,"Toyota","Corolla"
62207,1,7100.,59546,37000.,2004.,"Toyota","Corolla"
62209,1,10300.,1046,650.,2006.,"Toyota","Corolla"
62211,1,7906.,59546,37000.,2004.,"Toyota","Corolla"
62212,1,7600.,20761,12900.,2005.,"Toyota","Corolla"
62216,1,10100.,20761,12900.,2005.,"Toyota","Corolla"
62218,1,9200.,58902,36600.,2004.,"Toyota","Corolla"
62219,1,8600.87,59546,37000.,2004.,"Toyota","Corolla"
62220,1,8100.,59546,37000.,2004.,"Toyota","Corolla"
62221,1,8701.,8690,5400.,2006.,"Toyota","Corolla"
62364,0,9767.,39188,24350.,2004.,"Toyota","Corolla"
62380,1,13500.,60357,37504.,2004.,"Toyota","Corolla"
62687,1,11900.,74078,46030.,2004.,"Toyota","Corolla"
62690,0,8223.,74078,46030.,2004.,"Toyota","Corolla"
62773,1,2809.,201168,125000.,1994.,"Toyota","Corolla"
62826,1,405.,130181,80891.,1987.,"Toyota","Corolla"
63023,1,4550.,85533,53148.,1993.,"Toyota","Corolla"
63073,0,4900.,131886,81950.,2001.,"Toyota","Corolla"
63093,1,3401.03,205996,128000.,1997.,"Toyota","Corolla"
63192,1,1580.,276807,172000.,1994.,"Toyota","Corolla"
63272,1,2550.,185074,115000.,1983.,"Toyota","Corolla"
63313,0,11600.,27359,17000.,2005.,"Toyota","Corolla"
63362,1,417.,225900,140368.,1992.,"Toyota","Corolla"
63379,1,985.,268760,167000.,1994.,"Toyota","Corolla"
63419,1,9100.,102769,63858.,2003.,"Toyota","Corolla"
63507,0,8500.,47593,29573.,2004.,"Toyota","Corolla"
63508,0,8400.,47593,29573.,2004.,"Toyota","Corolla"
63510,0,8200.,47593,29573.,2004.,"Toyota","Corolla"
63790,1,5488.04,128748,80000.,2000.,"Toyota","Corolla"
63844,0,4600.,119003,73945.,1998.,"Toyota","Corolla"
63845,0,3950.,150280,93380.,2001.,"Toyota","Corolla"
63846,0,7700.,125326,77874.,2003.,"Toyota","Corolla"
63854,1,5049.49,125986,78284.,1998.,"Toyota","Corolla"
63855,0,4650.,114500,71147.,1998.,"Toyota","Corolla"
63857,0,5005.,150280,93380.,2001.,"Toyota","Corolla"
63894,0,3150.,222089,138000.,1999.,"Toyota","Corolla"
63966,0,6600.,30624,19029.,2005.,"Toyota","Corolla"
64058,1,10200.,29116,18092.,2003.,"Toyota","Corolla"
64128,0,1835.,295590,183671.,1996.,"Toyota","Corolla"
64196,1,3350.,153910,95635.,1994.,"Toyota","Corolla"
64197,1,3150.,153910,95635.,1994.,"Toyota","Corolla"
64377,1,2801.12,146354,90940.,1994.,"Toyota","Corolla"
64479,0,9200.,62486,38827.,2005.,"Toyota","Corolla"
64490,0,9600.,62486,38827.,2005.,"Toyota","Corolla"
64515,0,11100.,25458,15819.,2006.,"Toyota","Corolla"
64572,1,710.,304166,189000.,1993.,"Toyota","Corolla"
64608,1,2025.,255520,158773.,1995.,"Toyota","Corolla"
64610,1,1325.,255520,158773.,1995.,"Toyota","Corolla"
64620,1,5800.,114756,71306.,2002.,"Toyota","Corolla"
64654,1,407.,279220,173499.,1991.,"Toyota","Corolla"
64661,0,9100.,48602,30200.,2005.,"Toyota","Corolla"
64662,0,6800.,122458,76092.,2003.,"Toyota","Corolla"
64664,0,5600.,122458,76092.,2003.,"Toyota","Corolla"
64665,1,10600.,43608,27097.,2005.,"Toyota","Corolla"
64792,0,167.6,424727,263913.,1995.,"Toyota","Corolla"
64854,1,3450.,138404,86000.,1993.,"Toyota","Corolla"
64861,1,1665.,72420,45000.,1985.,"Toyota","Corolla"
64947,1,1500.,239470,148800.,1996.,"Toyota","Corolla"
65213,1,3050.,203690,126567.,1998.,"Toyota","Corolla"
65556,0,9300.,39791,24725.,2005.,"Toyota","Corolla"
65558,0,12300.,39791,24725.,2005.,"Toyota","Corolla"
65878,0,1100.,162106,100728.,1990.,"Toyota","Corolla"
65887,1,3600.,220041,136727.,2001.,"Toyota","Corolla"
66224,1,855.95,120701,75000.,1981.,"Toyota","Corolla"
66364,0,9300.,54718,34000.,2003.,"Toyota","Corolla"
66366,0,4453.,151954,94420.,2001.,"Toyota","Corolla"
66367,0,7600.,54718,34000.,2003.,"Toyota","Corolla"
66373,1,305.,319743,198679.,1987.,"Toyota","Corolla"
66394,1,2275.,349055,216893.,1998.,"Toyota","Corolla"
66395,1,2026.,349066,216900.,1998.,"Toyota","Corolla"
66413,1,3800.,53292,33114.,1970.,"Toyota","Corolla"
66599,0,11711.,37015,23000.,2005.,"Toyota","Corolla"
66718,0,10600.,27359,17000.,2005.,"Toyota","Corolla"
66920,1,3660.,156106,97000.,2001.,"Toyota","Corolla"
67088,0,9200.,18025,11200.,2005.,"Toyota","Corolla"
67089,0,7600.,57615,35800.,2004.,"Toyota","Corolla"
67378,1,9301.,111045,69000.,2003.,"Toyota","Corolla"
67456,0,9100.,988,614.,2006.,"Toyota","Corolla"
67554,1,2500.,249448,155000.,1988.,"Toyota","Corolla"
67655,0,1675.,236971,147247.,1994.,"Toyota","Corolla"
67676,0,2025.,102998,64000.,2002.,"Toyota","Corolla"
67807,0,8000.,92054,57200.,2001.,"Toyota","Corolla"
67968,0,9850.,47315,29400.,2003.,"Toyota","Corolla"
68080,1,1925.,321869,200000.,1985.,"Toyota","Corolla"
69113,1,570.,359500,223383.,1987.,"Toyota","Corolla"
69114,1,500.,359500,223383.,1987.,"Toyota","Corolla"
69298,0,585.,164190,102023.,1987.,"Toyota","Corolla"
69327,1,6800.,74030,46000.,2004.,"Toyota","Corolla"
69645,0,305.,173817,108005.,1991.,"Toyota","Corolla"
69716,0,610.,377439,234530.,1992.,"Toyota","Corolla"
69904,1,7901.,83686,52000.,2002.,"Toyota","Corolla"
70259,0,5350.,104020,64635.,2003.,"Toyota","Corolla"
70363,0,8250.,46751,29050.,2004.,"Toyota","Corolla"
70464,0,7800.,66524,41336.,2003.,"Toyota","Corolla"
70533,0,2550.,182231,113233.,1997.,"Toyota","Corolla"
70556,0,1475.,307074,190807.,1995.,"Toyota","Corolla"
70563,0,3050.01,196723,122238.,2001.,"Toyota","Corolla"
70672,0,5003.,105818,65752.,1998.,"Toyota","Corolla"
70738,1,1080.,330035,205074.,1993.,"Toyota","Corolla"
70742,0,6650.,106894,66421.,2000.,"Toyota","Corolla"
70743,0,9900.,41988,26090.,2004.,"Toyota","Corolla"
70844,1,610.,225308,140000.,1998.,"Toyota","Corolla"
70848,1,8700.,85295,53000.,2003.,"Toyota","Corolla"
71085,1,3450.,270370,168000.,1986.,"Toyota","Corolla"
71092,1,380.,210800,130985.,1987.,"Toyota","Corolla"
71319,1,3852.,173090,107553.,1999.,"Toyota","Corolla"
71365,1,1035.,297407,184800.,1989.,"Toyota","Corolla"
71622,0,4500.,161176,100150.,2001.,"Toyota","Corolla"
71871,1,910.,428086,266000.,1995.,"Toyota","Corolla"
72020,0,1800.,261,162.,1981.,"Toyota","Corolla"
72075,0,5600.,51935,32271.,2002.,"Toyota","Corolla"
72138,0,9000.,87943,54645.,2003.,"Toyota","Corolla"
72162,0,7500.,77376,48079.,2002.,"Toyota","Corolla"
72255,0,3551.,130708,81218.,2000.,"Toyota","Corolla"
72258,0,2900.,204387,127000.,1978.,"Toyota","Corolla"
72259,0,5300.,199559,124000.,1978.,"Toyota","Corolla"
72692,1,1800.,276019,171510.,1997.,"Toyota","Corolla"
72927,1,12500.,46792,29075.,2004.,"Toyota","Corolla"
73118,1,10100.,2586,1607.,2006.,"Toyota","Corolla"
73250,0,5401.,99457,61800.,2001.,"Toyota","Corolla"
73282,1,4574.,102203,63506.,2001.,"Toyota","Corolla"
73288,1,6100.,102203,63506.,2001.,"Toyota","Corolla"
73492,1,3000.,149669,93000.,1996.,"Toyota","Corolla"
73527,1,2500.,148060,92000.,1995.,"Toyota","Corolla"
73804,1,10700.,32992,20500.,2005.,"Toyota","Corolla"
74167,1,2425.,241818,150259.,1998.,"Toyota","Corolla"
74203,1,3351.,154066,95732.,1995.,"Toyota","Corolla"
74294,0,6900.,111648,69375.,2003.,"Toyota","Corolla"
74300,0,8575.,118010,73328.,2003.,"Toyota","Corolla"
74391,1,11300.,52465,32600.,2004.,"Toyota","Corolla"
74425,1,2284.98,80467,50000.,2001.,"Toyota","Corolla"
74745,1,2550.,274554,170600.,1985.,"Toyota","Corolla"
74753,0,3250.,142169,88340.,1999.,"Toyota","Corolla"
74755,0,4201.,142169,88340.,1999.,"Toyota","Corolla"
74805,1,3852.,178404,110855.,1997.,"Toyota","Corolla"
74939,0,10099.,60350,37500.,2004.,"Toyota","Corolla"
75085,1,2500.,214043,133000.,1984.,"Toyota","Corolla"
75160,1,7701.,105285,65421.,2003.,"Toyota","Corolla"
75394,0,11100.,43452,27000.,2004.,"Toyota","Corolla"
75644,1,504.,321869,200000.,1989.,"Toyota","Corolla"
75851,0,3500.,205996,128000.,2000.,"Toyota","Corolla"
75976,0,6800.,103548,64342.,2001.,"Toyota","Corolla"
75977,0,6400.,103642,64400.,2001.,"Toyota","Corolla"
76118,1,466.,345779,214857.,1987.,"Toyota","Corolla"
76143,0,8200.,27549,17118.,2005.,"Toyota","Corolla"
76343,1,789.,207707,129063.,1997.,"Toyota","Corolla"
76577,1,1558.,29934,18600.,1980.,"Toyota","Corolla"
77132,1,15700.,35832,22265.,2006.,"Toyota","Corolla"
77139,0,13300.,5044,3134.,2006.,"Toyota","Corolla"
77141,0,6100.,35832,22265.,2006.,"Toyota","Corolla"
77147,1,16505.,5044,3134.,2006.,"Toyota","Corolla"
77160,0,9350.,11265,7000.,2006.,"Toyota","Corolla"
77446,0,330.,280026,174000.,1989.,"Toyota","Corolla"
77574,1,11600.,38624,24000.,2003.,"Toyota","Corolla"
77843,1,102.76,309577,192362.,1988.,"Toyota","Corolla"
78112,0,8200.,69879,43421.,2003.,"Toyota","Corolla"
78187,1,9000.,51499,32000.,2003.,"Toyota","Corolla"
78189,1,5900.,102998,64000.,2001.,"Toyota","Corolla"
78544,0,8900.,93342,58000.,2003.,"Toyota","Corolla"
78627,0,4000.,117989,73315.,1994.,"Toyota","Corolla"
78742,1,8700.,42493,26404.,2004.,"Toyota","Corolla"
78750,0,7500.,42493,26404.,2004.,"Toyota","Corolla"
78758,0,8301.,42493,26404.,2004.,"Toyota","Corolla"
78762,0,8600.,42493,26404.,2004.,"Toyota","Corolla"
78883,0,10100.,53659,33342.,2003.,"Toyota","Corolla"
78920,0,10215.,58756,36509.,2004.,"Toyota","Corolla"
78923,0,10350.,58756,36509.,2004.,"Toyota","Corolla"
78995,0,9609.,61561,38252.,2003.,"Toyota","Corolla"
79073,0,11100.,19352,12025.,2004.,"Toyota","Corolla"
79079,0,12101.,19352,12025.,2004.,"Toyota","Corolla"
79090,0,11300.,19352,12025.,2004.,"Toyota","Corolla"
79094,0,10600.,19352,12025.,2004.,"Toyota","Corolla"
79186,1,2390.,241791,150242.,1997.,"Toyota","Corolla"
79252,0,9600.,53028,32950.,2005.,"Toyota","Corolla"
79466,1,863.57,292772,181920.,1992.,"Toyota","Corolla"
79523,1,835.,297729,185000.,1990.,"Toyota","Corolla"
79635,0,13000.,22838,14191.,2005.,"Toyota","Corolla"
79799,0,9999.,74030,46000.,2003.,"Toyota","Corolla"
79859,0,16100.,925,575.,2006.,"Toyota","Corolla"
79953,1,2600.,56232,34941.,1998.,"Toyota","Corolla"
80091,1,6202.,61744,38366.,1997.,"Toyota","Corolla"
80151,1,772.,184168,114437.,1992.,"Toyota","Corolla"
80215,1,1714.89,135829,84400.,1992.,"Toyota","Corolla"
80243,0,12600.,1996,1240.,2006.,"Toyota","Corolla"
80272,1,1136.15,281635,175000.,1997.,"Toyota","Corolla"
80317,0,8000.,18556,11530.,2003.,"Toyota","Corolla"
80318,1,8655.,18750,11651.,2003.,"Toyota","Corolla"
80319,0,7400.,18739,11644.,2003.,"Toyota","Corolla"
80341,0,3600.,100112,62207.,1999.,"Toyota","Corolla"
80366,0,4850.,100112,62207.,1999.,"Toyota","Corolla"
80370,0,6300.,98434,61164.,2002.,"Toyota","Corolla"
80378,0,6100.,100112,62207.,1999.,"Toyota","Corolla"
80393,0,10000.,65552,40732.,2004.,"Toyota","Corolla"
80406,0,9877.33,58195,36161.,2004.,"Toyota","Corolla"
80497,0,5000.,132074,82067.,2000.,"Toyota","Corolla"
80498,0,3750.,118605,73698.,1996.,"Toyota","Corolla"
80501,0,12600.,42567,26450.,2005.,"Toyota","Corolla"
80504,1,2500.,284405,176721.,1998.,"Toyota","Corolla"
81581,1,2805.,215652,134000.,2000.,"Toyota","Corolla"
81800,0,1805.,191805,119182.,1974.,"Toyota","Corolla"
81807,1,2651.,231908,144101.,1999.,"Toyota","Corolla"
81893,1,810.,222411,138200.,1992.,"Toyota","Corolla"
81959,0,9600.,29477,18316.,2005.,"Toyota","Corolla"
81960,0,10100.,29477,18316.,2005.,"Toyota","Corolla"
81961,0,10100.,29477,18316.,2005.,"Toyota","Corolla"
81996,1,1250.,149030,92603.,1990.,"Toyota","Corolla"
82224,0,9000.,41505,25790.,2004.,"Toyota","Corolla"
82254,1,1025.,236574,147000.,1994.,"Toyota","Corolla"
82397,1,1275.,75639,47000.,1985.,"Toyota","Corolla"
82399,1,2325.,75639,47000.,1985.,"Toyota","Corolla"
82772,1,3562.98,132016,82031.,1997.,"Toyota","Corolla"
82897,0,5800.,154497,96000.,2001.,"Toyota","Corolla"
83128,1,860.,135639,84282.,1990.,"Toyota","Corolla"
83130,1,925.,114104,70901.,1989.,"Toyota","Corolla"
83231,1,1075.,183394,113956.,1997.,"Toyota","Corolla"
83825,1,9001.,72420,45000.,2003.,"Toyota","Corolla"
83838,1,685.,323478,201000.,1993.,"Toyota","Corolla"
83874,0,13400.,6598,4100.,2006.,"Toyota","Corolla"
83896,1,5200.,149283,92760.,2000.,"Toyota","Corolla"
84042,1,1995.,198754,123500.,1991.,"Toyota","Corolla"
84089,0,2950.,186026,115591.,1998.,"Toyota","Corolla"
84211,0,2326.,173698,107931.,1994.,"Toyota","Corolla"
84239,1,8700.,19621,12192.,2003.,"Toyota","Corolla"
84250,1,8300.,19621,12192.,2003.,"Toyota","Corolla"
84252,1,2325.,213140,132439.,1997.,"Toyota","Corolla"
84269,0,11800.,23313,14486.,2005.,"Toyota","Corolla"
84318,0,6777.,121666,75600.,2004.,"Toyota","Corolla"
84319,0,7900.,121666,75600.,2004.,"Toyota","Corolla"
84336,1,1295.,295154,183400.,1997.,"Toyota","Corolla"
84345,0,570.,155755,96782.,1976.,"Toyota","Corolla"
84467,0,3150.,99284,61692.,2004.,"Toyota","Corolla"
84872,1,1600.,320259,199000.,1988.,"Toyota","Corolla"
84904,1,8200.,59139,36747.,2004.,"Toyota","Corolla"
85059,1,1525.,315431,196000.,1996.,"Toyota","Corolla"
85151,1,10500.,56200,34921.,2005.,"Toyota","Corolla"
85238,0,13100.,17173,10671.,2005.,"Toyota","Corolla"
85240,0,11750.,17173,10671.,2005.,"Toyota","Corolla"
85471,1,3951.03,242906,150935.,1999.,"Toyota","Corolla"
85737,0,3100.,175097,108800.,1999.,"Toyota","Corolla"
85759,1,520.,383024,238000.,1992.,"Toyota","Corolla"
85972,1,870.,295315,183500.,1996.,"Toyota","Corolla"
86066,0,2225.,182520,113413.,2000.,"Toyota","Corolla"
86131,1,9000.,63086,39200.,2003.,"Toyota","Corolla"
86140,1,720.,125275,77842.,1991.,"Toyota","Corolla"
86141,1,700.,125275,77842.,1991.,"Toyota","Corolla"
86277,1,1525.,192558,119650.,1993.,"Toyota","Corolla"
86278,0,1625.,192558,119650.,1993.,"Toyota","Corolla"
86288,0,13601.,42884,26647.,2005.,"Toyota","Corolla"
86312,0,12000.,25368,15763.,2006.,"Toyota","Corolla"
86421,0,10300.,46776,29065.,2003.,"Toyota","Corolla"
86462,0,10100.,55155,34272.,2004.,"Toyota","Corolla"
86473,0,11500.,55155,34272.,2004.,"Toyota","Corolla"
86524,0,7100.,112213,69726.,2003.,"Toyota","Corolla"
86530,0,8304.,112213,69726.,2003.,"Toyota","Corolla"
86546,0,5100.,78005,48470.,2004.,"Toyota","Corolla"
86549,0,6100.,112213,69726.,2003.,"Toyota","Corolla"
86568,0,12100.,3458,2149.,2006.,"Toyota","Corolla"
86609,0,3250.,18287,11363.,1996.,"Toyota","Corolla"
86636,1,1999.,146607,91097.,1994.,"Toyota","Corolla"
86700,0,12000.,41056,25511.,2004.,"Toyota","Corolla"
86896,0,7750.,118906,73885.,2003.,"Toyota","Corolla"
86965,1,514.,304387,189137.,1990.,"Toyota","Corolla"
87010,1,4302.99,134863,83800.,2000.,"Toyota","Corolla"
87096,0,5601.,153514,95389.,2002.,"Toyota","Corolla"
87141,0,12611.,46259,28744.,2005.,"Toyota","Corolla"
87145,1,7350.,85295,53000.,2002.,"Toyota","Corolla"
87151,1,7400.,85295,53000.,2002.,"Toyota","Corolla"
87158,0,11200.,46259,28744.,2005.,"Toyota","Corolla"
87169,0,10334.,42625,26486.,2006.,"Toyota","Corolla"
87295,1,9400.,106699,66300.,2004.,"Toyota","Corolla"
87588,0,8550.,33278,20678.,2005.,"Toyota","Corolla"
87710,1,2025.,174277,108291.,1995.,"Toyota","Corolla"
87730,1,1450.,346009,215000.,1993.,"Toyota","Corolla"
87733,1,3950.,179748,111690.,1999.,"Toyota","Corolla"
87883,0,650.,178637,111000.,1991.,"Toyota","Corolla"
87884,1,600.,178637,111000.,1991.,"Toyota","Corolla"
87903,0,10000.,69335,43083.,2003.,"Toyota","Corolla"
88476,1,10900.,12311,7650.,2005.,"Toyota","Corolla"
88499,0,3550.,124253,77207.,2002.,"Toyota","Corolla"
88505,1,7500.,124253,77207.,2002.,"Toyota","Corolla"
88506,0,3950.,124253,77207.,2002.,"Toyota","Corolla"
88508,0,4000.,124253,77207.,2002.,"Toyota","Corolla"
88569,0,7300.,86211,53569.,2005.,"Toyota","Corolla"
88586,0,7500.,113167,70319.,2003.,"Toyota","Corolla"
88704,0,5328.,106276,66037.,2001.,"Toyota","Corolla"
88754,1,197.5,418429,260000.,1988.,"Toyota","Corolla"
88792,1,7450.,122632,76200.,2004.,"Toyota","Corolla"
88991,0,7700.,17703,11000.,2005.,"Toyota","Corolla"
89025,1,5250.,114569,71190.,2001.,"Toyota","Corolla"
89135,0,4550.,135859,84419.,2002.,"Toyota","Corolla"
89312,0,12101.,64124,39845.,2005.,"Toyota","Corolla"
89425,1,3500.,241401,150000.,1998.,"Toyota","Corolla"
89640,0,6100.,64990,40383.,2001.,"Toyota","Corolla"
89700,0,4350.,115388,71699.,1998.,"Toyota","Corolla"
89709,0,1825.,386138,239935.,2000.,"Toyota","Corolla"
89715,0,1225.,186666,115989.,1992.,"Toyota","Corolla"
89765,0,10100.,46042,28609.,2004.,"Toyota","Corolla"
89769,1,7700.,80115,49781.,2003.,"Toyota","Corolla"
89774,1,12400.,46043,28610.,2004.,"Toyota","Corolla"
89816,0,7100.,133587,83007.,2003.,"Toyota","Corolla"
89817,0,7200.,133587,83007.,2003.,"Toyota","Corolla"
89830,1,520.,313516,194810.,1994.,"Toyota","Corolla"
89965,0,12100.,11840,7357.,2006.,"Toyota","Corolla"
89969,0,11500.,11840,7357.,2006.,"Toyota","Corolla"
90268,0,3700.,194731,121000.,1998.,"Toyota","Corolla"
90353,0,2550.,128748,80000.,1994.,"Toyota","Corolla"
90392,1,4050.,217244,134989.,1987.,"Toyota","Corolla"
90393,1,4000.,217244,134989.,1987.,"Toyota","Corolla"
90395,1,2000.,213985,132964.,1987.,"Toyota","Corolla"
90409,1,2650.,197949,123000.,1999.,"Toyota","Corolla"
90536,1,10000.,56327,35000.,2005.,"Toyota","Corolla"
90560,1,8000.,63352,39365.,2004.,"Toyota","Corolla"
90713,0,8600.,46111,28652.,2004.,"Toyota","Corolla"
90740,0,9100.,77088,47900.,2003.,"Toyota","Corolla"
90837,1,7601.,81389,50573.,2001.,"Toyota","Corolla"
91290,0,9300.,64374,40000.,2004.,"Toyota","Corolla"
91298,0,500.,314400,195359.,1983.,"Toyota","Corolla"
91377,1,11090.,86583,53800.,2003.,"Toyota","Corolla"
91574,1,6901.95,94641,58807.,2001.,"Toyota","Corolla"
91578,0,12600.,32646,20285.,2005.,"Toyota","Corolla"
91681,1,2000.,209215,130000.,1985.,"Toyota","Corolla"
91887,0,408.02,341849,212415.,1989.,"Toyota","Corolla"
91893,0,3676.,97327,60476.,1994.,"Toyota","Corolla"
92155,1,2959.,96680,60074.,1995.,"Toyota","Corolla"
92157,1,3100.,173957,108092.,1996.,"Toyota","Corolla"
92160,1,2426.52,111095,69031.,1993.,"Toyota","Corolla"
92458,1,910.,185530,115283.,1994.,"Toyota","Corolla"
92491,0,2225.,121758,75657.,1987.,"Toyota","Corolla"
92492,1,2200.,121758,75657.,1987.,"Toyota","Corolla"
92512,0,10900.,21528,13377.,2006.,"Toyota","Corolla"
92617,0,2550.,239839,149029.,1986.,"Toyota","Corolla"
92737,1,577.77,285718,177537.,1993.,"Toyota","Corolla"
92833,1,480.,477196,296516.,1988.,"Toyota","Corolla"
92835,1,630.,392096,243637.,1992.,"Toyota","Corolla"
92852,1,835.,377163,234358.,1989.,"Toyota","Corolla"
92856,1,1425.,172805,107376.,1996.,"Toyota","Corolla"
92866,1,1305.,284847,176996.,1993.,"Toyota","Corolla"
92881,1,930.,302539,187989.,1994.,"Toyota","Corolla"
92922,1,960.,218789,135949.,1992.,"Toyota","Corolla"
92931,1,580.,389736,242171.,1991.,"Toyota","Corolla"
92941,1,3050.,366816,227929.,2001.,"Toyota","Corolla"
92958,1,503.02000000000004,328551,204152.,1987.,"Toyota","Corolla"
92960,1,1525.,355556,220932.,1996.,"Toyota","Corolla"
93037,1,611.51,172887,107427.,1992.,"Toyota","Corolla"
93239,0,760.,157716,98000.,1988.,"Toyota","Corolla"
93387,0,2025.,205996,128000.,1996.,"Toyota","Corolla"
93408,0,5101.,99926,62091.,1997.,"Toyota","Corolla"
93618,1,510.,328013,203818.,1990.,"Toyota","Corolla"
93664,1,5100.,83552,51917.,1999.,"Toyota","Corolla"
94080,1,7999.99,82881,51500.,2004.,"Toyota","Corolla"
94182,1,836.26,328306,204000.,1986.,"Toyota","Corolla"
94341,1,3500.,329915,205000.,1985.,"Toyota","Corolla"
94402,0,5600.,143195,88977.,2004.,"Toyota","Corolla"
94540,1,9600.,111772,69452.,2003.,"Toyota","Corolla"
94541,0,7100.,111772,69452.,2003.,"Toyota","Corolla"
94875,1,1127.,177028,110000.,1992.,"Toyota","Corolla"
94876,1,1305.,177028,110000.,1992.,"Toyota","Corolla"
94943,0,3650.,175418,109000.,1998.,"Toyota","Corolla"
94945,0,9200.,27200,16901.,2004.,"Toyota","Corolla"
94948,0,9000.,27200,16901.,2004.,"Toyota","Corolla"
94996,0,6300.,3911,2430.,2005.,"Toyota","Corolla"
95009,0,7100.,71374,44350.,2003.,"Toyota","Corolla"
95057,0,8100.,91208,56674.,2003.,"Toyota","Corolla"
95307,0,1625.,590629,367000.,1985.,"Toyota","Corolla"
95622,0,14100.,8851,5500.,2006.,"Toyota","Corolla"
95675,0,1700.,194731,121000.,1999.,"Toyota","Corolla"
95682,0,5300.,114413,71093.,1999.,"Toyota","Corolla"
95695,1,12000.,44468,27631.,2005.,"Toyota","Corolla"
95703,0,10000.,30307,18832.,2005.,"Toyota","Corolla"
95708,0,4250.,68288,42432.,2003.,"Toyota","Corolla"
95794,0,4550.,178122,110680.,2001.,"Toyota","Corolla"
95828,1,6800.,159175,98907.,2003.,"Toyota","Corolla"
95842,1,1575.,265189,164781.,1995.,"Toyota","Corolla"
95883,1,1175.,265189,164781.,1995.,"Toyota","Corolla"
95889,1,624.04,274427,170521.,1988.,"Toyota","Corolla"
96227,1,900.,315069,195775.,1986.,"Toyota","Corolla"
96238,1,3550.,219009,136086.,2001.,"Toyota","Corolla"
96249,1,10000.,13197,8200.,2005.,"Toyota","Corolla"
96334,1,1276.01,198485,123333.,1979.,"Toyota","Corolla"
96335,1,1225.,198485,123333.,1979.,"Toyota","Corolla"
96374,1,12400.,42232,26242.,2005.,"Toyota","Corolla"
96377,1,12750.,42232,26242.,2005.,"Toyota","Corolla"
96378,1,10852.,42232,26242.,2005.,"Toyota","Corolla"
96698,0,4000.,140919,87563.,1997.,"Toyota","Corolla"
96922,0,9450.,48280,30000.,2005.,"Toyota","Corolla"
96923,0,7950.,48280,30000.,2005.,"Toyota","Corolla"
96924,0,9656.32,48280,30000.,2005.,"Toyota","Corolla"
96997,1,3551.98,141065,87654.,1991.,"Toyota","Corolla"
97013,1,4005.,151454,94109.,2000.,"Toyota","Corolla"
97038,0,305.,267592,166274.,1988.,"Toyota","Corolla"
97046,0,202.5,267592,166274.,1988.,"Toyota","Corolla"
97048,0,152.5,267592,166274.,1988.,"Toyota","Corolla"
97053,0,1186.,187094,116255.,1992.,"Toyota","Corolla"
97056,1,770.,228051,141704.,1991.,"Toyota","Corolla"
97063,0,305.,267592,166274.,1988.,"Toyota","Corolla"
97064,1,1752.,266350,165502.,1993.,"Toyota","Corolla"
97066,0,1286.08,187094,116255.,1992.,"Toyota","Corolla"
97070,1,455.,267592,166274.,1988.,"Toyota","Corolla"
97205,1,207.5,260714,162000.,1991.,"Toyota","Corolla"
97227,1,1475.,301165,187135.,1996.,"Toyota","Corolla"
97249,0,2130.,169297,105196.,1995.,"Toyota","Corolla"
97250,0,2200.,169297,105196.,1995.,"Toyota","Corolla"
97252,0,2325.,171033,106275.,1994.,"Toyota","Corolla"
97271,0,7877.77,128748,80000.,2004.,"Toyota","Corolla"
97413,0,13100.,28252,17555.,2005.,"Toyota","Corolla"
97626,0,3100.,321520,199783.,1982.,"Toyota","Corolla"
97682,1,480.,468610,291181.,1990.,"Toyota","Corolla"
97836,0,13750.,4236,2632.,2005.,"Toyota","Corolla"
97854,0,10000.,55741,34636.,2004.,"Toyota","Corolla"
97855,0,10125.,55741,34636.,2004.,"Toyota","Corolla"
97901,0,7000.,131678,81821.,2002.,"Toyota","Corolla"
97904,0,5951.,131678,81821.,2002.,"Toyota","Corolla"
97911,0,2940.,151410,94082.,1996.,"Toyota","Corolla"
97937,1,7200.,79180,49200.,2004.,"Toyota","Corolla"
98003,1,8600.,20117,12500.,2004.,"Toyota","Corolla"
98040,0,4444.,128400,79784.,2002.,"Toyota","Corolla"
98050,0,9600.,28101,17461.,2005.,"Toyota","Corolla"
98124,0,11096.,34042,21153.,2005.,"Toyota","Corolla"
98167,1,9999.,63247,39300.,2004.,"Toyota","Corolla"
98190,0,3250.,192907,119867.,1998.,"Toyota","Corolla"
98205,0,1825.,394346,245035.,1995.,"Toyota","Corolla"
98436,0,4543.,132288,82200.,1999.,"Toyota","Corolla"
98459,1,162.5,177028,110000.,1996.,"Toyota","Corolla"
98584,1,2500.98,305775,190000.,1998.,"Toyota","Corolla"
98641,1,3450.,138404,86000.,1995.,"Toyota","Corolla"
98642,1,2905.,138404,86000.,1995.,"Toyota","Corolla"
98714,1,8500.,101572,63114.,2003.,"Toyota","Corolla"
99063,1,1400.,360984,224305.,1994.,"Toyota","Corolla"
99213,0,990.,287830,178849.,1990.,"Toyota","Corolla"
99233,1,1425.,169419,105272.,1990.,"Toyota","Corolla"
99361,1,2175.,292901,182000.,1985.,"Toyota","Corolla"
99378,0,7700.,22531,14000.,2005.,"Toyota","Corolla"
99576,0,2275.88,177639,110380.,1998.,"Toyota","Corolla"
99577,0,1875.,177639,110380.,1998.,"Toyota","Corolla"
99634,0,480.,146608,91098.,1981.,"Toyota","Corolla"
99712,0,8000.,43935,27300.,2005.,"Toyota","Corolla"
99720,1,510.,418,260.,1988.,"Toyota","Corolla"
99791,1,5100.,135494,84192.,1998.,"Toyota","Corolla"
100028,1,500.,161726,100492.,1986.,"Toyota","Corolla"
100153,1,2025.,122310,76000.,1981.,"Toyota","Corolla"
100270,1,2025.,438734,272617.,1986.,"Toyota","Corolla"
100284,1,1525.,186198,115698.,1989.,"Toyota","Corolla"
100307,1,2850.,209152,129961.,1995.,"Toyota","Corolla"
100308,0,2275.,209081,129917.,1995.,"Toyota","Corolla"
100378,0,1625.,106217,66000.,1981.,"Toyota","Corolla"
100400,1,1999.,234320,145600.,1993.,"Toyota","Corolla"
100597,1,4300.,76067,47266.,1995.,"Toyota","Corolla"
100664,1,4550.,193121,120000.,1986.,"Toyota","Corolla"
100695,1,3450.,199491,123958.,1999.,"Toyota","Corolla"
100837,1,1126.,272843,169537.,1989.,"Toyota","Corolla"
100881,1,2275.,237565,147616.,1998.,"Toyota","Corolla"
100933,0,5200.,108357,67330.,2000.,"Toyota","Corolla"
100939,1,1225.,271979,169000.,1991.,"Toyota","Corolla"
100956,1,2125.,214921,133546.,1995.,"Toyota","Corolla"
101141,0,10100.,51821,32200.,2004.,"Toyota","Corolla"
101285,1,1181.27,333433,207186.,1993.,"Toyota","Corolla"
101287,0,1790.,195836,121687.,1996.,"Toyota","Corolla"
101685,1,1801.,213587,132717.,1998.,"Toyota","Corolla"
101719,1,3600.,162544,101000.,1997.,"Toyota","Corolla"
102122,0,5201.12,139638,86767.,2002.,"Toyota","Corolla"
102430,1,2225.,246230,153000.,1995.,"Toyota","Corolla"
102463,0,3205.,157877,98100.,1998.,"Toyota","Corolla"
102550,0,3000.,144197,89600.,1998.,"Toyota","Corolla"
102725,0,1675.,207337,128833.,2002.,"Toyota","Corolla"
102750,1,1725.,261213,162310.,1996.,"Toyota","Corolla"
102791,0,3655.,121478,75483.,2000.,"Toyota","Corolla"
102797,1,2400.,261210,162308.,1996.,"Toyota","Corolla"
102811,0,3950.,106426,66130.,1999.,"Toyota","Corolla"
102875,1,2000.,178629,110995.,1995.,"Toyota","Corolla"
103195,1,7656.,46993,29200.,2001.,"Toyota","Corolla"
103320,1,10100.,31138,19348.,2004.,"Toyota","Corolla"
103321,0,10300.,31138,19348.,2004.,"Toyota","Corolla"
103322,0,11411.,31138,19348.,2004.,"Toyota","Corolla"
103323,0,11369.69,31138,19348.,2004.,"Toyota","Corolla"
103419,1,950.,126311,78486.,1984.,"Toyota","Corolla"
103568,0,3500.,342219,212645.,1987.,"Toyota","Corolla"
103618,0,5900.,88514,55000.,2002.,"Toyota","Corolla"
103645,0,1000.,170476,105929.,1991.,"Toyota","Corolla"
103736,0,4053.,127830,79430.,2001.,"Toyota","Corolla"
103739,0,3301.,210572,130843.,2000.,"Toyota","Corolla"
103983,1,500.,89558,55649.,1979.,"Toyota","Corolla"
104094,1,860.98,252120,156660.,1990.,"Toyota","Corolla"
104182,1,2700.,225308,140000.,1991.,"Toyota","Corolla"
104234,1,3855.55,121797,75681.,1999.,"Toyota","Corolla"
104750,1,11300.,31986,19875.,2005.,"Toyota","Corolla"
104751,0,10805.,31986,19875.,2005.,"Toyota","Corolla"
105053,1,1515.,305775,190000.,1991.,"Toyota","Corolla"
105076,0,9050.,47337,29414.,2004.,"Toyota","Corolla"
105202,0,3125.,171109,106322.,1998.,"Toyota","Corolla"
105212,0,9777.,33516,20826.,2005.,"Toyota","Corolla"
105248,1,305.,351243,218252.,1991.,"Toyota","Corolla"
105434,1,600.,250564,155693.,1993.,"Toyota","Corolla"
105435,1,630.,250564,155693.,1993.,"Toyota","Corolla"
105581,0,1025.,181534,112800.,1987.,"Toyota","Corolla"
105754,1,8500.,76927,47800.,2002.,"Toyota","Corolla"
105765,1,8100.,127782,79400.,2003.,"Toyota","Corolla"
105768,1,8501.,127782,79400.,2003.,"Toyota","Corolla"
105770,1,8101.,127782,79400.,2003.,"Toyota","Corolla"
105825,0,10999.,7593,4718.,2006.,"Toyota","Corolla"
105834,0,11377.78,30396,18887.,2006.,"Toyota","Corolla"
106144,1,2775.,244474,151909.,1995.,"Toyota","Corolla"
106198,0,9405.,58888,36591.,2005.,"Toyota","Corolla"
106277,0,7000.,58405,36291.,2005.,"Toyota","Corolla"
106291,0,9100.,58888,36591.,2005.,"Toyota","Corolla"
106332,0,10100.,58405,36291.,2005.,"Toyota","Corolla"
106420,0,9600.,59217,36796.,2005.,"Toyota","Corolla"
106426,0,7100.,58405,36291.,2005.,"Toyota","Corolla"
106547,1,2550.,277934,172700.,1987.,"Toyota","Corolla"
106673,0,11700.,41832,25993.,2005.,"Toyota","Corolla"
106752,1,2200.,209215,130000.,1999.,"Toyota","Corolla"
106851,0,8700.,64918,40338.,2005.,"Toyota","Corolla"
106937,1,5499.,179571,111580.,1999.,"Toyota","Corolla"
107041,1,3410.,140641,87390.,1997.,"Toyota","Corolla"
107337,1,5100.,15765,9796.,2005.,"Toyota","Corolla"
107342,1,4050.,30573,18997.,2004.,"Toyota","Corolla"
107345,1,4551.,29639,18417.,2005.,"Toyota","Corolla"
107346,1,4050.,49515,30767.,2003.,"Toyota","Corolla"
107353,1,4050.,29713,18463.,2005.,"Toyota","Corolla"
107361,1,4500.,37829,23506.,2005.,"Toyota","Corolla"
107375,0,3201.,198490,123336.,1996.,"Toyota","Corolla"
107423,0,465.,293155,182158.,1992.,"Toyota","Corolla"
107424,0,700.,293155,182158.,1992.,"Toyota","Corolla"
107462,0,810.,143306,89046.,1982.,"Toyota","Corolla"
107676,0,1725.,161,100.,1981.,"Toyota","Corolla"
107719,0,15100.,3026,1880.,2006.,"Toyota","Corolla"
107915,1,3049.98,183465,114000.,1995.,"Toyota","Corolla"
107916,1,2999.98,183465,114000.,1995.,"Toyota","Corolla"
108107,0,1725.,292234,181586.,1996.,"Toyota","Corolla"
108287,1,14000.,18279,11358.,2006.,"Toyota","Corolla"
108565,0,2700.,120701,75000.,2000.,"Toyota","Corolla"
108600,0,8000.,48119,29900.,2002.,"Toyota","Corolla"
108673,1,200.,177028,110000.,1987.,"Toyota","Corolla"
108704,1,14300.,1312,815.,2006.,"Toyota","Corolla"
108717,1,1100.,252667,157000.,1976.,"Toyota","Corolla"
108764,1,3950.,178832,111121.,2000.,"Toyota","Corolla"
108808,0,2075.,212139,131817.,1999.,"Toyota","Corolla"
108826,1,3100.,62610,38904.,2002.,"Toyota","Corolla"
109056,1,1500.,300934,186992.,1986.,"Toyota","Corolla"
109271,1,1325.,202481,125816.,1979.,"Toyota","Corolla"
109351,0,2350.,265542,165000.,1996.,"Toyota","Corolla"
109397,1,880.,422287,262397.,1990.,"Toyota","Corolla"
109399,1,1300.,74999,46602.,1990.,"Toyota","Corolla"
109456,0,12100.,31218,19398.,2005.,"Toyota","Corolla"
109706,1,1925.,341181,212000.,1997.,"Toyota","Corolla"
110098,1,1075.,220480,137000.,1992.,"Toyota","Corolla"
110546,1,2375.,125529,78000.,1979.,"Toyota","Corolla"
110660,1,200.,321869,200000.,1988.,"Toyota","Corolla"
110680,0,1275.,256953,159663.,1995.,"Toyota","Corolla"
111022,1,7600.,34987,21740.,2005.,"Toyota","Corolla"
111414,1,8401.,43869,27259.,2003.,"Toyota","Corolla"
111422,1,8851.,43869,27259.,2003.,"Toyota","Corolla"
111462,1,10600.,33804,21005.,2005.,"Toyota","Corolla"
111514,0,700.,40234,25000.,1989.,"Toyota","Corolla"
112061,0,102.5,250169,155448.,1989.,"Toyota","Corolla"
112116,1,3351.,176823,109873.,1999.,"Toyota","Corolla"
112198,1,1226.,299465,186079.,1992.,"Toyota","Corolla"
112211,0,1025.,559730,347800.,1988.,"Toyota","Corolla"
112212,1,1600.,559730,347800.,1988.,"Toyota","Corolla"
112792,1,1250.,268537,166861.,1989.,"Toyota","Corolla"
112847,0,10600.,24301,15100.,2003.,"Toyota","Corolla"
113329,1,1609.77,114212,70968.,2000.,"Toyota","Corolla"
113332,1,2475.,114212,70968.,2000.,"Toyota","Corolla"
113333,1,1475.,114212,70968.,2000.,"Toyota","Corolla"
113535,1,1300.,230136,143000.,1996.,"Toyota","Corolla"
113780,1,3650.,260070,161600.,1998.,"Toyota","Corolla"
113783,1,2026.,222089,138000.,1990.,"Toyota","Corolla"
113784,0,11211.,41312,25670.,2005.,"Toyota","Corolla"
113851,1,635.02,225308,140000.,1987.,"Toyota","Corolla"
113862,1,910.,347779,216100.,1991.,"Toyota","Corolla"
113939,1,5800.,70436,43767.,2002.,"Toyota","Corolla"
113940,1,3250.,227466,141341.,1998.,"Toyota","Corolla"
113954,1,10900.,64084,39820.,2004.,"Toyota","Corolla"
114083,1,13405.,41407,25729.,2005.,"Toyota","Corolla"
114251,1,1805.,289682,180000.,1985.,"Toyota","Corolla"
114253,1,1350.,289682,180000.,1985.,"Toyota","Corolla"
114314,1,4416.02,122310,76000.,2000.,"Toyota","Corolla"
114324,0,7100.,125072,77716.,2004.,"Toyota","Corolla"
114357,0,8900.,119092,74000.,2003.,"Toyota","Corolla"
114408,1,1025.,347877,216161.,1993.,"Toyota","Corolla"
114439,1,1500.,159325,99000.,1989.,"Toyota","Corolla"
114591,0,8577.76,80467,50000.,2004.,"Toyota","Corolla"
114593,0,6100.,111045,69000.,2002.,"Toyota","Corolla"
114908,1,1685.,131966,82000.,1986.,"Toyota","Corolla"
115001,1,860.,373847,232298.,1992.,"Toyota","Corolla"
115048,0,5851.,114629,71227.,2001.,"Toyota","Corolla"
115096,0,11000.,25418,15794.,2003.,"Toyota","Corolla"
115227,1,1424.98,308994,192000.,1988.,"Toyota","Corolla"
115606,0,8511.,56129,34877.,2003.,"Toyota","Corolla"
115669,1,6200.,109435,68000.,2000.,"Toyota","Corolla"
115687,1,3850.,172200,107000.,1996.,"Toyota","Corolla"
115702,1,2025.,212710,132172.,1993.,"Toyota","Corolla"
115703,1,4857.,156106,97000.,2001.,"Toyota","Corolla"
115796,0,7500.,124623,77437.,2003.,"Toyota","Corolla"
115797,1,11500.,13763,8552.,2005.,"Toyota","Corolla"
115804,0,11500.,27359,17000.,2005.,"Toyota","Corolla"
115865,1,1524.,275327,171080.,1993.,"Toyota","Corolla"
116001,1,255.,279434,173632.,1994.,"Toyota","Corolla"
116005,1,400.,279434,173632.,1994.,"Toyota","Corolla"
116286,1,650.,202778,126000.,1990.,"Toyota","Corolla"
116287,1,405.,202778,126000.,1990.,"Toyota","Corolla"
116334,1,10501.,17140,10650.,2005.,"Toyota","Corolla"
116397,1,2500.,278587,173106.,1999.,"Toyota","Corolla"
116579,1,1475.,236574,147000.,1994.,"Toyota","Corolla"
116887,1,6750.,199559,124000.,2004.,"Toyota","Corolla"
116928,0,14200.,1431,889.,2006.,"Toyota","Corolla"
117031,1,1925.,265220,164800.,1997.,"Toyota","Corolla"
117195,0,12800.,21536,13382.,2005.,"Toyota","Corolla"
117215,0,10300.,82554,51297.,2003.,"Toyota","Corolla"
117240,0,13300.,21536,13382.,2005.,"Toyota","Corolla"
117241,0,12100.,21536,13382.,2005.,"Toyota","Corolla"
117286,0,1001.,141354,87833.,1991.,"Toyota","Corolla"
117288,1,1425.,175258,108900.,1994.,"Toyota","Corolla"
117353,1,710.,243149,151086.,1994.,"Toyota","Corolla"
117637,0,8900.,25793,16027.,2005.,"Toyota","Corolla"
117976,1,710.,125257,77831.,1987.,"Toyota","Corolla"
117977,1,761.,125257,77831.,1987.,"Toyota","Corolla"
117996,1,2025.75,286463,178000.,1997.,"Toyota","Corolla"
118095,0,8400.,88857,55213.,2002.,"Toyota","Corolla"
118114,0,9600.,45783,28448.,2005.,"Toyota","Corolla"
118121,0,7100.,45783,28448.,2005.,"Toyota","Corolla"
118134,0,9725.,45783,28448.,2005.,"Toyota","Corolla"
118385,1,531.98,229378,142529.,1991.,"Toyota","Corolla"
118386,1,720.,229378,142529.,1991.,"Toyota","Corolla"
118438,0,4000.,150123,93282.,2000.,"Toyota","Corolla"
118441,0,6499.,92066,57207.,2002.,"Toyota","Corolla"
118445,1,4101.,150123,93282.,2000.,"Toyota","Corolla"
118659,1,415.,377483,234557.,1994.,"Toyota","Corolla"
118998,1,2225.,189903,118000.,1995.,"Toyota","Corolla"
119130,0,13301.,23896,14848.,2006.,"Toyota","Corolla"
119595,1,1957.,199364,123879.,1993.,"Toyota","Corolla"
119607,1,1775.98,197156,122507.,1996.,"Toyota","Corolla"
119685,1,400.,262323,163000.,1990.,"Toyota","Corolla"
119815,1,3651.,16581,10303.,1979.,"Toyota","Corolla"
119840,1,1125.,331155,205770.,1995.,"Toyota","Corolla"
119970,0,10550.,21354,13269.,2005.,"Toyota","Corolla"
119982,0,11677.,21354,13269.,2005.,"Toyota","Corolla"
120003,0,12500.,21354,13269.,2005.,"Toyota","Corolla"
120010,0,11000.,21354,13269.,2005.,"Toyota","Corolla"
120030,0,12356.,21354,13269.,2005.,"Toyota","Corolla"
120050,1,13001.,4828,3000.,2006.,"Toyota","Corolla"
120080,0,610.,305775,190000.,1993.,"Toyota","Corolla"
120264,1,1325.,225308,140000.,1996.,"Toyota","Corolla"
120342,1,5300.,28312,17592.,2005.,"Toyota","Corolla"
120402,1,10101.,61155,38000.,2003.,"Toyota","Corolla"
120406,1,11000.,68556,42599.,2004.,"Toyota","Corolla"
120832,1,10650.,59224,36800.,2005.,"Toyota","Corolla"
120833,0,10350.,59224,36800.,2005.,"Toyota","Corolla"
121162,1,1825.,207605,129000.,1996.,"Toyota","Corolla"
121165,1,1225.,207605,129000.,1996.,"Toyota","Corolla"
121167,1,1225.,207605,129000.,1996.,"Toyota","Corolla"
121169,1,1476.,207605,129000.,1996.,"Toyota","Corolla"
121173,1,3200.,127138,79000.,1994.,"Toyota","Corolla"
121175,1,1215.,216457,134500.,1992.,"Toyota","Corolla"
121249,0,12100.,34638,21523.,2005.,"Toyota","Corolla"
121309,0,10300.,41843,26000.,2005.,"Toyota","Corolla"
121330,1,980.,256156,159168.,1993.,"Toyota","Corolla"
121359,0,8099.,77347,48061.,2005.,"Toyota","Corolla"
121389,1,9000.,95434,59300.,2003.,"Toyota","Corolla"
121391,1,11100.,94147,58500.,2004.,"Toyota","Corolla"
121798,1,4650.,355665,221000.,1984.,"Toyota","Corolla"
121856,1,765.,220037,136725.,1995.,"Toyota","Corolla"
121896,0,4050.,168981,105000.,2001.,"Toyota","Corolla"
121912,0,4850.,3190,1982.,2004.,"Toyota","Corolla"
121932,0,7300.,17703,11000.,2004.,"Toyota","Corolla"
121941,1,455.,9648,5995.,1978.,"Toyota","Corolla"
121965,0,3049.98,175418,109000.,1997.,"Toyota","Corolla"
122062,1,901.03,249448,155000.,1988.,"Toyota","Corolla"
122131,1,11000.,46671,29000.,2004.,"Toyota","Corolla"
122153,1,1000.,305775,190000.,1993.,"Toyota","Corolla"
122162,1,2749.98,176851,109890.,1993.,"Toyota","Corolla"
122669,0,10405.,53591,33300.,2003.,"Toyota","Corolla"
122670,0,10405.,53591,33300.,2003.,"Toyota","Corolla"
122724,1,1326.,259909,161500.,1990.,"Toyota","Corolla"
122741,0,1425.,304166,189000.,1986.,"Toyota","Corolla"
122970,1,2175.,307384,191000.,1985.,"Toyota","Corolla"
122983,0,3300.,36743,22831.,2005.,"Toyota","Corolla"
123062,1,1675.,191029,118700.,1994.,"Toyota","Corolla"
123140,1,1025.,151182,93940.,1995.,"Toyota","Corolla"
123166,1,4900.,91465,56834.,2002.,"Toyota","Corolla"
123257,1,4060.,40480,25153.,1991.,"Toyota","Corolla"
123259,0,6400.,97890,60826.,2002.,"Toyota","Corolla"
123358,0,9700.,16728,10394.,2005.,"Toyota","Corolla"
123359,0,10100.,16728,10394.,2005.,"Toyota","Corolla"
123724,1,3000.,182326,113292.,1999.,"Toyota","Corolla"
123744,1,1225.,600990,373438.,1995.,"Toyota","Corolla"
123749,1,5500.,145977,90706.,1999.,"Toyota","Corolla"
123893,1,4252.,74416,46240.,1994.,"Toyota","Corolla"
123900,0,9803.,41038,25500.,2005.,"Toyota","Corolla"
124037,0,11000.,402,250.,2006.,"Toyota","Corolla"
124049,1,2150.,253472,157500.,1995.,"Toyota","Corolla"
124087,0,11101.,86032,53458.,2005.,"Toyota","Corolla"
124088,0,8600.,86032,53458.,2005.,"Toyota","Corolla"
124139,1,1205.,240669,149545.,1995.,"Toyota","Corolla"
124189,1,6095.,150433,93475.,2001.,"Toyota","Corolla"
124330,1,1285.,244247,151768.,1994.,"Toyota","Corolla"
124331,1,1654.,244247,151768.,1994.,"Toyota","Corolla"
124409,1,4400.,304166,189000.,1996.,"Toyota","Corolla"
124429,1,636.,389461,242000.,1993.,"Toyota","Corolla"
124783,0,1936.,309733,192459.,1990.,"Toyota","Corolla"
124862,1,5500.,94147,58500.,2001.,"Toyota","Corolla"
124863,0,5600.,93825,58300.,2001.,"Toyota","Corolla"
125173,1,685.,207113,128694.,1989.,"Toyota","Corolla"
125473,1,6400.,47476,29500.,1999.,"Toyota","Corolla"
125591,0,10200.,48111,29895.,2004.,"Toyota","Corolla"
125592,0,7403.,151000,93827.,2003.,"Toyota","Corolla"
125593,1,6200.,132932,82600.,2001.,"Toyota","Corolla"
125595,0,7403.,151000,93827.,2003.,"Toyota","Corolla"
125597,0,2125.,293688,182489.,1996.,"Toyota","Corolla"
125600,0,2125.,293688,182489.,1996.,"Toyota","Corolla"
125602,0,5601.,218224,135598.,2002.,"Toyota","Corolla"
125639,1,3205.,180623,112234.,1999.,"Toyota","Corolla"
125674,0,14609.,11265,7000.,2006.,"Toyota","Corolla"
125706,0,3400.,122310,76000.,1999.,"Toyota","Corolla"
125800,1,4010.,149600,92957.,1999.,"Toyota","Corolla"
125981,1,14303.,6437,4000.,2006.,"Toyota","Corolla"
126025,1,6000.,49109,30515.,2002.,"Toyota","Corolla"
126127,0,8200.,2882,1791.,2006.,"Toyota","Corolla"
126128,0,7451.,2882,1791.,2006.,"Toyota","Corolla"
126147,1,500.,105887,65795.,1979.,"Toyota","Corolla"
126263,0,8300.,21818,13557.,2005.,"Toyota","Corolla"
126353,0,3800.,132188,82138.,2003.,"Toyota","Corolla"
126365,0,5600.,113126,70293.,2001.,"Toyota","Corolla"
126376,1,8700.,127681,79337.,2002.,"Toyota","Corolla"
126424,0,4450.,151808,94329.,2000.,"Toyota","Corolla"
126586,1,12500.,51866,32228.,2003.,"Toyota","Corolla"
126671,1,2600.,410968,255364.,1977.,"Toyota","Corolla"
126729,0,3920.01,151703,94264.,1997.,"Toyota","Corolla"
126819,1,3600.,192716,119748.,1998.,"Toyota","Corolla"
126988,0,10000.,77287,48024.,2003.,"Toyota","Corolla"
126994,0,10200.,77287,48024.,2003.,"Toyota","Corolla"
127000,1,3050.,157394,97800.,1999.,"Toyota","Corolla"
127080,0,5900.,109110,67798.,2001.,"Toyota","Corolla"
127098,1,202.5,334744,208000.,1988.,"Toyota","Corolla"
127362,1,1326.98,283244,176000.,1991.,"Toyota","Corolla"
127440,1,12000.,34186,21242.,2005.,"Toyota","Corolla"
127507,1,3700.,111045,69000.,1995.,"Toyota","Corolla"
127508,1,3350.,104607,65000.,1995.,"Toyota","Corolla"
127509,1,3101.,111045,69000.,1995.,"Toyota","Corolla"
127510,1,662.88,203231,126282.,1990.,"Toyota","Corolla"
127662,1,7322.,37015,23000.,2001.,"Toyota","Corolla"
127799,0,1625.,218871,136000.,1996.,"Toyota","Corolla"
127822,0,5550.,58274,36210.,2004.,"Toyota","Corolla"
127827,1,7766.,23892,14846.,2005.,"Toyota","Corolla"
127831,0,6077.,58274,36210.,2004.,"Toyota","Corolla"
127833,0,14600.,7683,4774.,2005.,"Toyota","Corolla"
127844,0,9500.,68671,42670.,2004.,"Toyota","Corolla"
128108,0,4550.,84542,52532.,2000.,"Toyota","Corolla"
128193,1,9900.,56596,35167.,2004.,"Toyota","Corolla"
128711,1,2950.,223699,139000.,1999.,"Toyota","Corolla"
128993,0,4100.,144984,90089.,1999.,"Toyota","Corolla"
129081,1,3000.,225308,140000.,1987.,"Toyota","Corolla"
129082,0,2550.,225308,140000.,1987.,"Toyota","Corolla"
129084,1,1526.,112654,70000.,1980.,"Toyota","Corolla"
129118,1,330.,412159,256104.,1991.,"Toyota","Corolla"
129175,1,2800.,236574,147000.,2000.,"Toyota","Corolla"
130519,1,7600.,5736,3564.,2005.,"Toyota","Corolla"
130566,0,11800.,40306,25045.,2005.,"Toyota","Corolla"
130600,0,9450.,40306,25045.,2005.,"Toyota","Corolla"
130624,1,2510.07,305513,189837.,1993.,"Toyota","Corolla"
130652,0,5452.,151779,94311.,2002.,"Toyota","Corolla"
131217,0,4250.,121967,75787.,2002.,"Toyota","Corolla"
131254,0,4350.,19312,12000.,2004.,"Toyota","Corolla"
131318,0,3050.,178637,111000.,1999.,"Toyota","Corolla"
131332,1,2550.,165508,102842.,1997.,"Toyota","Corolla"
131342,1,2025.,236554,146988.,1994.,"Toyota","Corolla"
131359,1,255.,262358,163022.,1992.,"Toyota","Corolla"
131375,1,2527.02,165508,102842.,1997.,"Toyota","Corolla"
131385,1,3156.,162019,100674.,1999.,"Toyota","Corolla"
131703,1,3000.,103410,64256.,1999.,"Toyota","Corolla"
132103,1,4300.,304166,189000.,1993.,"Toyota","Corolla"
132107,1,1402.,275022,170891.,1985.,"Toyota","Corolla"
132139,1,15500.,11265,7000.,2006.,"Toyota","Corolla"
132191,0,6690.,86290,53618.,2001.,"Toyota","Corolla"
132519,1,2150.,265239,164812.,1997.,"Toyota","Corolla"
132715,1,430.,265939,165247.,1991.,"Toyota","Corolla"
132745,0,10101.,95273,59200.,2003.,"Toyota","Corolla"
132746,0,10300.,95273,59200.,2003.,"Toyota","Corolla"
132843,1,4250.,92859,57700.,1997.,"Toyota","Corolla"
132979,1,7000.,88751,55147.,2002.,"Toyota","Corolla"
132980,1,6100.,84837,52715.,2001.,"Toyota","Corolla"
132983,1,9012.,47493,29511.,2001.,"Toyota","Corolla"
132985,0,4751.1,97620,60658.,2002.,"Toyota","Corolla"
132986,0,6300.,106315,66061.,2002.,"Toyota","Corolla"
132988,0,7400.,91240,56694.,2001.,"Toyota","Corolla"
132996,0,4750.,129221,80294.,1998.,"Toyota","Corolla"
132998,0,4550.,97620,60658.,2002.,"Toyota","Corolla"
132999,0,6300.,101017,62769.,2001.,"Toyota","Corolla"
133039,1,3750.,126771,78772.,1997.,"Toyota","Corolla"
133287,1,8409.,97526,60600.,2003.,"Toyota","Corolla"
133829,1,8100.,133450,82922.,2003.,"Toyota","Corolla"
134059,1,5900.,59670,37077.,2004.,"Toyota","Corolla"
134119,0,4050.,84413,52452.,1999.,"Toyota","Corolla"
134460,0,6300.,76711,47666.,2004.,"Toyota","Corolla"
134676,0,7000.,12815,7963.,2005.,"Toyota","Corolla"
134702,1,1175.,247839,154000.,1994.,"Toyota","Corolla"
134703,1,800.,255886,159000.,1994.,"Toyota","Corolla"
134905,1,4550.,161,100.,1983.,"Toyota","Corolla"
134907,0,1606.,223699,139000.,1996.,"Toyota","Corolla"
134910,0,13000.,40316,25051.,2005.,"Toyota","Corolla"
134922,1,1850.,235862,146558.,1996.,"Toyota","Corolla"
134929,1,2550.,142414,88492.,1997.,"Toyota","Corolla"
134955,0,3100.,48280,30000.,1986.,"Toyota","Corolla"
134966,0,5049.,26319,16354.,2005.,"Toyota","Corolla"
134972,0,3450.,136653,84912.,2000.,"Toyota","Corolla"
135005,0,2025.,268777,167010.,1989.,"Toyota","Corolla"
135009,1,3960.,220480,137000.,1989.,"Toyota","Corolla"
135180,1,1776.,200344,124488.,1998.,"Toyota","Corolla"
135346,0,2740.,165025,102542.,1999.,"Toyota","Corolla"
136263,0,9000.,16737,10400.,2005.,"Toyota","Corolla"
136400,0,4650.,144841,90000.,1999.,"Toyota","Corolla"
136470,1,645.,289682,180000.,1987.,"Toyota","Corolla"
136521,1,2550.,98170,61000.,1975.,"Toyota","Corolla"
136522,0,2500.,505,314.,1975.,"Toyota","Corolla"
136659,0,3450.,230136,143000.,1999.,"Toyota","Corolla"
136660,1,3850.,230136,143000.,1999.,"Toyota","Corolla"
136926,1,2200.,157878,98101.,1987.,"Toyota","Corolla"
137223,0,12903.,23865,14829.,2006.,"Toyota","Corolla"
137226,0,13200.,17638,10960.,2006.,"Toyota","Corolla"
137228,0,10099.99,25386,15774.,2006.,"Toyota","Corolla"
137421,1,3550.,141943,88199.,1994.,"Toyota","Corolla"
137643,1,1075.,203128,126218.,1992.,"Toyota","Corolla"
137662,1,682.5,394673,245238.,1992.,"Toyota","Corolla"
137718,1,1215.,210135,130572.,1993.,"Toyota","Corolla"
138358,1,610.,231745,144000.,1991.,"Toyota","Corolla"
138587,0,202.5,334013,207546.,1988.,"Toyota","Corolla"
138588,0,152.5,334013,207546.,1988.,"Toyota","Corolla"
139136,1,7899.,56890,35350.,2001.,"Toyota","Corolla"
139137,0,8000.,56327,35000.,2001.,"Toyota","Corolla"
139159,1,11500.,27359,17000.,2005.,"Toyota","Corolla"
139306,1,1500.,424437,263733.,1987.,"Toyota","Corolla"
139699,1,10300.,15532,9651.,2006.,"Toyota","Corolla"
139700,1,11499.,15532,9651.,2006.,"Toyota","Corolla"
139702,1,10700.,7810,4853.,2006.,"Toyota","Corolla"
139710,0,4800.,88675,55100.,1999.,"Toyota","Corolla"
139747,1,2039.,257495,160000.,1996.,"Toyota","Corolla"
139805,1,8680.,117461,72987.,2003.,"Toyota","Corolla"
139823,1,800.,275566,171229.,1987.,"Toyota","Corolla"
139829,0,4351.97,89721,55750.,1998.,"Toyota","Corolla"
139885,0,5200.,151830,94343.,2001.,"Toyota","Corolla"
140033,0,1325.,254355,158049.,1998.,"Toyota","Corolla"
140036,0,6701.,60259,37443.,2003.,"Toyota","Corolla"
140039,0,8100.,60259,37443.,2003.,"Toyota","Corolla"
140046,0,8300.,60259,37443.,2003.,"Toyota","Corolla"
140053,0,8100.,60259,37443.,2003.,"Toyota","Corolla"
140055,0,7000.,60259,37443.,2003.,"Toyota","Corolla"
140197,1,735.,382251,237520.,1991.,"Toyota","Corolla"
140360,0,6060.,137124,85205.,2003.,"Toyota","Corolla"
140361,0,7100.,137124,85205.,2003.,"Toyota","Corolla"
140362,0,6200.,137124,85205.,2003.,"Toyota","Corolla"
140364,1,3200.,338582,210385.,1985.,"Toyota","Corolla"
140429,0,3000.,352721,219171.,1985.,"Toyota","Corolla"
140453,0,1111.,160934,100000.,1980.,"Toyota","Corolla"
140456,0,1700.,160934,100000.,1979.,"Toyota","Corolla"
140457,0,2025.,160934,100000.,1979.,"Toyota","Corolla"
140496,0,2650.,73225,45500.,1976.,"Toyota","Corolla"
140585,1,1627.5,181009,112474.,1995.,"Toyota","Corolla"
140614,0,5200.,128442,79810.,2001.,"Toyota","Corolla"
140616,0,6550.,128442,79810.,2001.,"Toyota","Corolla"
140623,1,13900.,36756,22839.,2005.,"Toyota","Corolla"
140718,1,799.,177488,110286.,1992.,"Toyota","Corolla"
140796,0,2550.,139368,86599.,1985.,"Toyota","Corolla"
141017,0,10100.,30888,19193.,2005.,"Toyota","Corolla"
141019,0,9000.,74912,46548.,2004.,"Toyota","Corolla"
141399,1,1576.,193121,120000.,1987.,"Toyota","Corolla"
141423,1,3450.,407164,253000.,1985.,"Toyota","Corolla"
142103,1,14500.,20648,12830.,2006.,"Toyota","Corolla"
142196,0,1876.04,225308,140000.,1995.,"Toyota","Corolla"
142197,0,1725.,225308,140000.,1995.,"Toyota","Corolla"
142263,1,2700.,192994,119921.,1997.,"Toyota","Corolla"
142291,1,100.,282174,175335.,1990.,"Toyota","Corolla"
142484,1,3750.,89150,55395.,2001.,"Toyota","Corolla"
142485,1,601.5500000000001,360691,224123.,1990.,"Toyota","Corolla"
142529,0,2325.,144744,89940.,1998.,"Toyota","Corolla"
142530,1,2324.36,144744,89940.,1998.,"Toyota","Corolla"
142782,0,710.,177028,110000.,1989.,"Toyota","Corolla"
143324,1,296.5,230070,142959.,1990.,"Toyota","Corolla"
143325,1,396.,230070,142959.,1990.,"Toyota","Corolla"
143412,0,12722.,755,469.,2006.,"Toyota","Corolla"
143428,0,2275.,211146,131200.,1997.,"Toyota","Corolla"
143583,1,3800.,96561,60000.,1978.,"Toyota","Corolla"
143642,1,2551.,112775,70075.,1989.,"Toyota","Corolla"
143683,1,535.25,220953,137294.,1985.,"Toyota","Corolla"
143722,0,2075.,187329,116401.,1997.,"Toyota","Corolla"
143786,0,2201.5,272666,169427.,1995.,"Toyota","Corolla"
143814,1,1825.,217422,135100.,1993.,"Toyota","Corolla"
143905,0,13100.,36321,22569.,2005.,"Toyota","Corolla"
143932,1,8100.,33152,20600.,2005.,"Toyota","Corolla"
143933,1,7700.,33152,20600.,2005.,"Toyota","Corolla"
144029,0,595.,325675,202365.,1994.,"Toyota","Corolla"
144306,1,930.,188937,117400.,1991.,"Toyota","Corolla"
144422,1,455.,362102,225000.,1988.,"Toyota","Corolla"
144515,1,3950.,165682,102950.,2002.,"Toyota","Corolla"
144517,1,3550.,165682,102950.,2002.,"Toyota","Corolla"
144900,1,11400.,59069,36704.,2003.,"Toyota","Corolla"
144937,1,7108.,143822,89367.,2001.,"Toyota","Corolla"
144944,0,9506.5,16547,10282.,2006.,"Toyota","Corolla"
145092,0,11100.,34091,21183.,2005.,"Toyota","Corolla"
145093,0,12100.,34091,21183.,2005.,"Toyota","Corolla"
145177,1,1825.,181198,112591.,1992.,"Toyota","Corolla"
145178,1,1825.,181198,112591.,1992.,"Toyota","Corolla"
145253,1,4031.,159121,98873.,2000.,"Toyota","Corolla"
145296,0,1900.,219721,136528.,1984.,"Toyota","Corolla"
145398,1,300.,259988,161549.,1986.,"Toyota","Corolla"
145404,1,4740.,128748,80000.,1998.,"Toyota","Corolla"
145525,1,8500.,62764,39000.,2004.,"Toyota","Corolla"
145528,1,10600.,82419,51213.,2003.,"Toyota","Corolla"
145612,1,5411.,105758,65715.,2001.,"Toyota","Corolla"
145685,0,2551.,276807,172000.,1987.,"Toyota","Corolla"
145728,0,405.,371356,230750.,1989.,"Toyota","Corolla"
145828,0,10000.,63793,39639.,2005.,"Toyota","Corolla"
146015,1,1525.,332007,206300.,1994.,"Toyota","Corolla"
146132,1,536.09,144841,90000.,1978.,"Toyota","Corolla"
146385,1,4299.,106469,66157.,2001.,"Toyota","Corolla"
146673,1,560.,257495,160000.,1995.,"Toyota","Corolla"
