{
  "props": {
    "autoComplete": { "type": { "name": "bool" } },
    "autoHighlight": { "type": { "name": "bool" } },
    "autoSelect": { "type": { "name": "bool" } },
    "blurOnSelect": {
      "type": {
        "name": "union",
        "description": "'mouse'<br>&#124;&nbsp;'touch'<br>&#124;&nbsp;bool"
      },
      "default": "false"
    },
    "ChipProps": { "type": { "name": "object" } },
    "classes": { "type": { "name": "object" } },
    "clearIcon": { "type": { "name": "node" }, "default": "<ClearIcon fontSize=\"small\" />" },
    "clearOnBlur": { "type": { "name": "bool" }, "default": "!props.freeSolo" },
    "clearOnEscape": { "type": { "name": "bool" } },
    "clearText": { "type": { "name": "string" }, "default": "'Clear'" },
    "closeText": { "type": { "name": "string" }, "default": "'Close'" },
    "defaultValue": { "type": { "name": "any" }, "default": "props.multiple ? [] : null" },
    "disableClearable": { "type": { "name": "bool" } },
    "disableCloseOnSelect": { "type": { "name": "bool" } },
    "disabled": { "type": { "name": "bool" } },
    "disabledItemsFocusable": { "type": { "name": "bool" } },
    "disableListWrap": { "type": { "name": "bool" } },
    "disablePortal": { "type": { "name": "bool" } },
    "filterOptions": { "type": { "name": "func" } },
    "filterSelectedOptions": { "type": { "name": "bool" } },
    "forcePopupIcon": {
      "type": { "name": "union", "description": "'auto'<br>&#124;&nbsp;bool" },
      "default": "'auto'"
    },
    "freeSolo": { "type": { "name": "bool" } },
    "fullWidth": { "type": { "name": "bool" } },
    "getLimitTagsText": { "type": { "name": "func" }, "default": "(more) => `+${more}`" },
    "getOptionDisabled": { "type": { "name": "func" } },
    "getOptionLabel": {
      "type": { "name": "func" },
      "default": "(option) => option.label ?? option"
    },
    "getOptionSelected": { "type": { "name": "func" } },
    "groupBy": { "type": { "name": "func" } },
    "handleHomeEndKeys": { "type": { "name": "bool" }, "default": "!props.freeSolo" },
    "id": { "type": { "name": "string" } },
    "includeInputInList": { "type": { "name": "bool" } },
    "inputValue": { "type": { "name": "string" } },
    "limitTags": { "type": { "name": "number" }, "default": "-1" },
    "ListboxComponent": { "type": { "name": "elementType" }, "default": "'ul'" },
    "ListboxProps": { "type": { "name": "object" } },
    "loading": { "type": { "name": "bool" } },
    "loadingText": { "type": { "name": "node" }, "default": "'Loading…'" },
    "multiple": { "type": { "name": "bool" } },
    "noOptionsText": { "type": { "name": "node" }, "default": "'No options'" },
    "onChange": { "type": { "name": "func" } },
    "onClose": { "type": { "name": "func" } },
    "onHighlightChange": { "type": { "name": "func" } },
    "onInputChange": { "type": { "name": "func" } },
    "onOpen": { "type": { "name": "func" } },
    "open": { "type": { "name": "bool" } },
    "openOnFocus": { "type": { "name": "bool" } },
    "openText": { "type": { "name": "string" }, "default": "'Open'" },
    "options": { "type": { "name": "array" }, "required": true },
    "PaperComponent": { "type": { "name": "elementType" }, "default": "Paper" },
    "PopperComponent": { "type": { "name": "elementType" }, "default": "Popper" },
    "popupIcon": { "type": { "name": "node" }, "default": "<ArrowDropDownIcon />" },
    "renderGroup": { "type": { "name": "func" } },
    "renderInput": { "type": { "name": "func" }, "required": true },
    "renderOption": { "type": { "name": "func" } },
    "renderTags": { "type": { "name": "func" } },
    "selectOnFocus": { "type": { "name": "bool" }, "default": "!props.freeSolo" },
    "size": {
      "type": { "name": "enum", "description": "'medium'<br>&#124;&nbsp;'small'" },
      "default": "'medium'"
    },
    "value": { "type": { "name": "custom", "description": "any" } }
  },
  "name": "Autocomplete",
  "styles": {
    "classes": [
      "root",
      "fullWidth",
      "focused",
      "tag",
      "tagSizeSmall",
      "hasPopupIcon",
      "hasClearIcon",
      "inputRoot",
      "input",
      "inputFocused",
      "endAdornment",
      "clearIndicator",
      "popupIndicator",
      "popupIndicatorOpen",
      "popper",
      "popperDisablePortal",
      "paper",
      "listbox",
      "loading",
      "noOptions",
      "option",
      "groupLabel",
      "groupUl"
    ],
    "globalClasses": { "focused": "Mui-focused" },
    "name": "MuiAutocomplete"
  },
  "spread": true,
  "forwardsRefTo": "HTMLDivElement",
  "filename": "/packages/material-ui/src/Autocomplete/Autocomplete.js",
  "inheritance": null,
  "demos": "<ul><li><a href=\"/components/autocomplete/\">Autocomplete</a></li></ul>",
  "styledComponent": false
}
